Replay Name,Replay GUID,Replay Path,JSON Path
0B06AC434D764F178A19C89BF0E35E6E.replay,1808474E11E8C5366A550EB086B9BEA2,C:\Users\Joseph\Documents\My Games\Rocket League\TAGame\Demos\0B06AC434D764F178A19C89BF0E35E6E.replay,C:\Users\Joseph\Documents\My Games\Rocket League\TAGame\Demos\0B06AC434D764F178A19C89BF0E35E6E.json
E2A780C747DDD68BD2CA30A0883B185B.replay,24AC830611E8C5375E1933A587866E61,C:\Users\Joseph\Documents\My Games\Rocket League\TAGame\Demos\E2A780C747DDD68BD2CA30A0883B185B.replay,C:\Users\Joseph\Documents\My Games\Rocket League\TAGame\Demos\E2A780C747DDD68BD2CA30A0883B185B.json
7602D6854B0FB9F3C75CA1B9CA1476C6.replay,3373218C11E8C53843518AA4459FE61A,C:\Users\Joseph\Documents\My Games\Rocket League\TAGame\Demos\7602D6854B0FB9F3C75CA1B9CA1476C6.replay,C:\Users\Joseph\Documents\My Games\Rocket League\TAGame\Demos\7602D6854B0FB9F3C75CA1B9CA1476C6.json
B773C6A540B8AFD54230F19E68F02B1D.replay,6226EF6211E8C5391F443A8BCE788AEF,C:\Users\Joseph\Documents\My Games\Rocket League\TAGame\Demos\B773C6A540B8AFD54230F19E68F02B1D.replay,C:\Users\Joseph\Documents\My Games\Rocket League\TAGame\Demos\B773C6A540B8AFD54230F19E68F02B1D.json
62EAF86345406D7893E4F3BCC60E8099.replay,44262D6A11E8C53A5A53ECBCFFA26E0E,C:\Users\Joseph\Documents\My Games\Rocket League\TAGame\Demos\62EAF86345406D7893E4F3BCC60E8099.replay,C:\Users\Joseph\Documents\My Games\Rocket League\TAGame\Demos\62EAF86345406D7893E4F3BCC60E8099.json
852C70EF4A970807B4761D8A805EF69A.replay,883D50C211E8C53B8445C38F9DA46A2F,C:\Users\Joseph\Documents\My Games\Rocket League\TAGame\Demos\852C70EF4A970807B4761D8A805EF69A.replay,C:\Users\Joseph\Documents\My Games\Rocket League\TAGame\Demos\852C70EF4A970807B4761D8A805EF69A.json
27F745A14A182781DB67B885A638EC9F.replay,DA28B31C11E8C53C039CFC9FEF58DF76,C:\Users\Joseph\Documents\My Games\Rocket League\TAGame\Demos\27F745A14A182781DB67B885A638EC9F.replay,C:\Users\Joseph\Documents\My Games\Rocket League\TAGame\Demos\27F745A14A182781DB67B885A638EC9F.json
B8EC5D2046D9D8BB13E483931AA191A0.replay,A404387611E8C53FE147DEB097E7C31F,C:\Users\Joseph\Documents\My Games\Rocket League\TAGame\Demos\B8EC5D2046D9D8BB13E483931AA191A0.replay,C:\Users\Joseph\Documents\My Games\Rocket League\TAGame\Demos\B8EC5D2046D9D8BB13E483931AA191A0.json
BEFFBE804AF57BAD9128C0B3153D11AF.replay,5820624E11E8C545B2DF52AE85912911,C:\Users\Joseph\Documents\My Games\Rocket League\TAGame\Demos\BEFFBE804AF57BAD9128C0B3153D11AF.replay,C:\Users\Joseph\Documents\My Games\Rocket League\TAGame\Demos\BEFFBE804AF57BAD9128C0B3153D11AF.json
D5D329C5436E27E9DD18F8A4402C7F90.replay,B3FBC58A11E8C546F424A4ABEE4D099D,C:\Users\Joseph\Documents\My Games\Rocket League\TAGame\Demos\D5D329C5436E27E9DD18F8A4402C7F90.replay,C:\Users\Joseph\Documents\My Games\Rocket League\TAGame\Demos\D5D329C5436E27E9DD18F8A4402C7F90.json
30FA6E404CC8F7B6BA8CCF9DB073916A.replay,E84A9D4411E8C54A889B6DAEF4BC8AE2,C:\Users\Joseph\Documents\My Games\Rocket League\TAGame\Demos\30FA6E404CC8F7B6BA8CCF9DB073916A.replay,C:\Users\Joseph\Documents\My Games\Rocket League\TAGame\Demos\30FA6E404CC8F7B6BA8CCF9DB073916A.json
AB753B9B4B75391CCFCE79A8420B5D78.replay,81E5C52E11E8C54F3EF3CEA87C977244,C:\Users\Joseph\Documents\My Games\Rocket League\TAGame\Demos\AB753B9B4B75391CCFCE79A8420B5D78.replay,C:\Users\Joseph\Documents\My Games\Rocket League\TAGame\Demos\AB753B9B4B75391CCFCE79A8420B5D78.json
C1F4CBBF4356E223535F30827EB2877B.replay,096F101811E8C5507C941A873B5C4973,C:\Users\Joseph\Documents\My Games\Rocket League\TAGame\Demos\C1F4CBBF4356E223535F30827EB2877B.replay,C:\Users\Joseph\Documents\My Games\Rocket League\TAGame\Demos\C1F4CBBF4356E223535F30827EB2877B.json
7D9F696B4BE614978634A3B63C0D1F07.replay,70BC2BB611E8C5504D7A9681F8FC2425,C:\Users\Joseph\Documents\My Games\Rocket League\TAGame\Demos\7D9F696B4BE614978634A3B63C0D1F07.replay,C:\Users\Joseph\Documents\My Games\Rocket League\TAGame\Demos\7D9F696B4BE614978634A3B63C0D1F07.json
19D23F504CE4F6700CF2AABFBF831477.replay,A303AA8411E8C552CF598CA13158549E,C:\Users\Joseph\Documents\My Games\Rocket League\TAGame\Demos\19D23F504CE4F6700CF2AABFBF831477.replay,C:\Users\Joseph\Documents\My Games\Rocket League\TAGame\Demos\19D23F504CE4F6700CF2AABFBF831477.json
B48514FA40FB9178FF0279ADE8BC7ED5.replay,3E03952611E8C5533CDB1E811737A86E,C:\Users\Joseph\Documents\My Games\Rocket League\TAGame\Demos\B48514FA40FB9178FF0279ADE8BC7ED5.replay,C:\Users\Joseph\Documents\My Games\Rocket League\TAGame\Demos\B48514FA40FB9178FF0279ADE8BC7ED5.json
482DEBEC4BC0CB32F31BEE8A274AFED3.replay,4446C84E11E8C554460A22AF61C00416,C:\Users\Joseph\Documents\My Games\Rocket League\TAGame\Demos\482DEBEC4BC0CB32F31BEE8A274AFED3.replay,C:\Users\Joseph\Documents\My Games\Rocket League\TAGame\Demos\482DEBEC4BC0CB32F31BEE8A274AFED3.json
BE64CE144F5B61CE048E22B42C036871.replay,5A502C1011E8C555A64B09A1D39CEC1D,C:\Users\Joseph\Documents\My Games\Rocket League\TAGame\Demos\BE64CE144F5B61CE048E22B42C036871.replay,C:\Users\Joseph\Documents\My Games\Rocket League\TAGame\Demos\BE64CE144F5B61CE048E22B42C036871.json
D25531D2429DF9B9D61FAB96FAE5E960.replay,259CA87011E8C5577B4268B16A3A4A60,C:\Users\Joseph\Documents\My Games\Rocket League\TAGame\Demos\D25531D2429DF9B9D61FAB96FAE5E960.replay,C:\Users\Joseph\Documents\My Games\Rocket League\TAGame\Demos\D25531D2429DF9B9D61FAB96FAE5E960.json
FA5AC2B940ABE6DE933676932E76EE7C.replay,64F437BC11E8C5581775138B6D034FCF,C:\Users\Joseph\Documents\My Games\Rocket League\TAGame\Demos\FA5AC2B940ABE6DE933676932E76EE7C.replay,C:\Users\Joseph\Documents\My Games\Rocket League\TAGame\Demos\FA5AC2B940ABE6DE933676932E76EE7C.json
835DD63947C48EAA533663A378C4FA28.replay,5F8806F411E8C559CEE761BB194B3F14,C:\Users\Joseph\Documents\My Games\Rocket League\TAGame\Demos\835DD63947C48EAA533663A378C4FA28.replay,C:\Users\Joseph\Documents\My Games\Rocket League\TAGame\Demos\835DD63947C48EAA533663A378C4FA28.json
B2C5C01B489FFB859245AFA71F1CB799.replay,4FEF7D9011E8C55D59537DA060D4B411,C:\Users\Joseph\Documents\My Games\Rocket League\TAGame\Demos\B2C5C01B489FFB859245AFA71F1CB799.replay,C:\Users\Joseph\Documents\My Games\Rocket League\TAGame\Demos\B2C5C01B489FFB859245AFA71F1CB799.json
B70E097143099059DBE8C1A70748974F.replay,AA464C8C11E8C55EA4D5DCAD381B22F2,C:\Users\Joseph\Documents\My Games\Rocket League\TAGame\Demos\B70E097143099059DBE8C1A70748974F.replay,C:\Users\Joseph\Documents\My Games\Rocket League\TAGame\Demos\B70E097143099059DBE8C1A70748974F.json
85DC2BC644B0749887D97FB56C1B861E.replay,F67D7F0C11E8C596FB160DB282A3D4C9,C:\Users\Joseph\Documents\My Games\Rocket League\TAGame\Demos\85DC2BC644B0749887D97FB56C1B861E.replay,C:\Users\Joseph\Documents\My Games\Rocket League\TAGame\Demos\85DC2BC644B0749887D97FB56C1B861E.json
4C1238534D8556F5222A119BFCBFCB72.replay,5820AFD011E8C59857A5BEAEC1621AB2,C:\Users\Joseph\Documents\My Games\Rocket League\TAGame\Demos\4C1238534D8556F5222A119BFCBFCB72.replay,C:\Users\Joseph\Documents\My Games\Rocket League\TAGame\Demos\4C1238534D8556F5222A119BFCBFCB72.json
07994993497859B2C5275CA3BA108D1D.replay,0673380211E8C59CF6B252AE705CB0BC,C:\Users\Joseph\Documents\My Games\Rocket League\TAGame\Demos\07994993497859B2C5275CA3BA108D1D.replay,C:\Users\Joseph\Documents\My Games\Rocket League\TAGame\Demos\07994993497859B2C5275CA3BA108D1D.json
61172EDF4BB0C5FB7D65A3ABD0609EBD.replay,4356EE5811E8C5A141B4A7804097B559,C:\Users\Joseph\Documents\My Games\Rocket League\TAGame\Demos\61172EDF4BB0C5FB7D65A3ABD0609EBD.replay,C:\Users\Joseph\Documents\My Games\Rocket League\TAGame\Demos\61172EDF4BB0C5FB7D65A3ABD0609EBD.json
12616D9B4577F4358714808B8B3D5FBB.replay,7C89AC5211E8C5A547A28E8FD253EF33,C:\Users\Joseph\Documents\My Games\Rocket League\TAGame\Demos\12616D9B4577F4358714808B8B3D5FBB.replay,C:\Users\Joseph\Documents\My Games\Rocket League\TAGame\Demos\12616D9B4577F4358714808B8B3D5FBB.json
A73CBD6B47A9BDB7F5195E82764FE3CC.replay,E2DFF92611E8C5DBD2DC8A8DA58FAB1B,C:\Users\Joseph\Documents\My Games\Rocket League\TAGame\Demos\A73CBD6B47A9BDB7F5195E82764FE3CC.replay,C:\Users\Joseph\Documents\My Games\Rocket League\TAGame\Demos\A73CBD6B47A9BDB7F5195E82764FE3CC.json
19E79DDE4FE46678AC453CA68311F05B.replay,2800402211E8C5DE2CC8839C2D90E774,C:\Users\Joseph\Documents\My Games\Rocket League\TAGame\Demos\19E79DDE4FE46678AC453CA68311F05B.replay,C:\Users\Joseph\Documents\My Games\Rocket League\TAGame\Demos\19E79DDE4FE46678AC453CA68311F05B.json
06E98E09401D33A93EEFD2AED08250FE.replay,1218BD7411E8C5DFA2836B82692A63D5,C:\Users\Joseph\Documents\My Games\Rocket League\TAGame\Demos\06E98E09401D33A93EEFD2AED08250FE.replay,C:\Users\Joseph\Documents\My Games\Rocket League\TAGame\Demos\06E98E09401D33A93EEFD2AED08250FE.json
451EB17145D758244B4C36B0048025AC.replay,4CFC88B611E8C5E011E9BDAC93B724A9,C:\Users\Joseph\Documents\My Games\Rocket League\TAGame\Demos\451EB17145D758244B4C36B0048025AC.replay,C:\Users\Joseph\Documents\My Games\Rocket League\TAGame\Demos\451EB17145D758244B4C36B0048025AC.json
E201C39A42895DBFA4FF15B23D566E64.replay,1F8A711C11E8C5E61FABD49618155A90,C:\Users\Joseph\Documents\My Games\Rocket League\TAGame\Demos\E201C39A42895DBFA4FF15B23D566E64.replay,C:\Users\Joseph\Documents\My Games\Rocket League\TAGame\Demos\E201C39A42895DBFA4FF15B23D566E64.json
7CA3AC2B43C5AF2EFB7E45A3BCF2B3EC.replay,CD9FD44211E8C5E92846C592A6407A7C,C:\Users\Joseph\Documents\My Games\Rocket League\TAGame\Demos\7CA3AC2B43C5AF2EFB7E45A3BCF2B3EC.replay,C:\Users\Joseph\Documents\My Games\Rocket League\TAGame\Demos\7CA3AC2B43C5AF2EFB7E45A3BCF2B3EC.json
8022B4564FFDA485B8861897119F1E96.replay,E8095EAE11E8C5ECF6B2CBB9705CB0BC,C:\Users\Joseph\Documents\My Games\Rocket League\TAGame\Demos\8022B4564FFDA485B8861897119F1E96.replay,C:\Users\Joseph\Documents\My Games\Rocket League\TAGame\Demos\8022B4564FFDA485B8861897119F1E96.json
DA47CA2349B91DBE403A489A350BBB4B.replay,9E70BA8C11E8C5EF04C21A95CD9122B1,C:\Users\Joseph\Documents\My Games\Rocket League\TAGame\Demos\DA47CA2349B91DBE403A489A350BBB4B.replay,C:\Users\Joseph\Documents\My Games\Rocket League\TAGame\Demos\DA47CA2349B91DBE403A489A350BBB4B.json
B8335B954F3FF61802FAACB3BC7909B0.replay,386E3F2811E8C5F11F3C0F967B43BB89,C:\Users\Joseph\Documents\My Games\Rocket League\TAGame\Demos\B8335B954F3FF61802FAACB3BC7909B0.replay,C:\Users\Joseph\Documents\My Games\Rocket League\TAGame\Demos\B8335B954F3FF61802FAACB3BC7909B0.json
A048730E4B1854E3B90E6893D6635234.replay,56A6B43211E8C5F3889B089FF4BC8AE2,C:\Users\Joseph\Documents\My Games\Rocket League\TAGame\Demos\A048730E4B1854E3B90E6893D6635234.replay,C:\Users\Joseph\Documents\My Games\Rocket League\TAGame\Demos\A048730E4B1854E3B90E6893D6635234.json
708F32134A78F473762039B2E0D88D6B.replay,3CC61D7611E8C5F555A7EEB1615E0EC2,C:\Users\Joseph\Documents\My Games\Rocket League\TAGame\Demos\708F32134A78F473762039B2E0D88D6B.replay,C:\Users\Joseph\Documents\My Games\Rocket League\TAGame\Demos\708F32134A78F473762039B2E0D88D6B.json
7B3B24684262A6D7983656869CF4169D.replay,9EF0292C11E8C5F78A29998DE8FBC013,C:\Users\Joseph\Documents\My Games\Rocket League\TAGame\Demos\7B3B24684262A6D7983656869CF4169D.replay,C:\Users\Joseph\Documents\My Games\Rocket League\TAGame\Demos\7B3B24684262A6D7983656869CF4169D.json
9058036243440939A62D4A91DAE72D35.replay,ABD2A8E411E8C5FD208CCCA2736BCBEC,C:\Users\Joseph\Documents\My Games\Rocket League\TAGame\Demos\9058036243440939A62D4A91DAE72D35.replay,C:\Users\Joseph\Documents\My Games\Rocket League\TAGame\Demos\9058036243440939A62D4A91DAE72D35.json
28C16DC646F73077A9B55E9924608A66.replay,C34CD04C11E8C5FF2CC8DA8C2D90E774,C:\Users\Joseph\Documents\My Games\Rocket League\TAGame\Demos\28C16DC646F73077A9B55E9924608A66.replay,C:\Users\Joseph\Documents\My Games\Rocket League\TAGame\Demos\28C16DC646F73077A9B55E9924608A66.json
E992B56B4A8E9C5156EBC6B5043B1EF5.replay,D3A59A2211E8C6008E7BDA8C85745828,C:\Users\Joseph\Documents\My Games\Rocket League\TAGame\Demos\E992B56B4A8E9C5156EBC6B5043B1EF5.replay,C:\Users\Joseph\Documents\My Games\Rocket League\TAGame\Demos\E992B56B4A8E9C5156EBC6B5043B1EF5.json
000ED5544D0AFBDA788E42B7FCC745A0.replay,0C28034C11E8C6031EA7DA8C664E36BA,C:\Users\Joseph\Documents\My Games\Rocket League\TAGame\Demos\000ED5544D0AFBDA788E42B7FCC745A0.replay,C:\Users\Joseph\Documents\My Games\Rocket League\TAGame\Demos\000ED5544D0AFBDA788E42B7FCC745A0.json
6B2B753241786DD18366E9A1478221E8.replay,5E8338A411E8C604039CDA8CEF58DF76,C:\Users\Joseph\Documents\My Games\Rocket League\TAGame\Demos\6B2B753241786DD18366E9A1478221E8.replay,C:\Users\Joseph\Documents\My Games\Rocket League\TAGame\Demos\6B2B753241786DD18366E9A1478221E8.json
D14530EA47E22990411C738A720A0EC0.replay,D22D5BFC11E8C60B8277B1944F46EB68,C:\Users\Joseph\Documents\My Games\Rocket League\TAGame\Demos\D14530EA47E22990411C738A720A0EC0.replay,C:\Users\Joseph\Documents\My Games\Rocket League\TAGame\Demos\D14530EA47E22990411C738A720A0EC0.json
397237D64B8E1056A3818D9FDB33452F.replay,B822F45811E8C613039C06ACEF58DF76,C:\Users\Joseph\Documents\My Games\Rocket League\TAGame\Demos\397237D64B8E1056A3818D9FDB33452F.replay,C:\Users\Joseph\Documents\My Games\Rocket League\TAGame\Demos\397237D64B8E1056A3818D9FDB33452F.json
A5EF72DB48BDC2418B6E2088A6DF0197.replay,70DAEC0C11E8C61A3F948CB8513C40BD,C:\Users\Joseph\Documents\My Games\Rocket League\TAGame\Demos\A5EF72DB48BDC2418B6E2088A6DF0197.replay,C:\Users\Joseph\Documents\My Games\Rocket League\TAGame\Demos\A5EF72DB48BDC2418B6E2088A6DF0197.json
673BA3B84117B2E31552E183C8D0C877.replay,56AFC1AE11E8C683AEF4AE8C58E7A53D,C:\Users\Joseph\Documents\My Games\Rocket League\TAGame\Demos\673BA3B84117B2E31552E183C8D0C877.replay,C:\Users\Joseph\Documents\My Games\Rocket League\TAGame\Demos\673BA3B84117B2E31552E183C8D0C877.json
A160353F4B1ACC057F5E72B4696D60EF.replay,BCC477D611E8C684F363899546B62918,C:\Users\Joseph\Documents\My Games\Rocket League\TAGame\Demos\A160353F4B1ACC057F5E72B4696D60EF.replay,C:\Users\Joseph\Documents\My Games\Rocket League\TAGame\Demos\A160353F4B1ACC057F5E72B4696D60EF.json
90FFDC9942F329F305FDF9B93F3D02ED.replay,D29316B611E8C685F363B99246B62918,C:\Users\Joseph\Documents\My Games\Rocket League\TAGame\Demos\90FFDC9942F329F305FDF9B93F3D02ED.replay,C:\Users\Joseph\Documents\My Games\Rocket League\TAGame\Demos\90FFDC9942F329F305FDF9B93F3D02ED.json
5103E14D49971E53DE944AB7151C56C9.replay,EABA8E7011E8C687CAF8F3A99C9B171C,C:\Users\Joseph\Documents\My Games\Rocket League\TAGame\Demos\5103E14D49971E53DE944AB7151C56C9.replay,C:\Users\Joseph\Documents\My Games\Rocket League\TAGame\Demos\5103E14D49971E53DE944AB7151C56C9.json
307CBEDF4C757F6DE2A7D4849AFA9ACA.replay,07756AE611E8C6A91EA7DEBE664E36BA,C:\Users\Joseph\Documents\My Games\Rocket League\TAGame\Demos\307CBEDF4C757F6DE2A7D4849AFA9ACA.replay,C:\Users\Joseph\Documents\My Games\Rocket League\TAGame\Demos\307CBEDF4C757F6DE2A7D4849AFA9ACA.json
8CD61D2E49E484AF69EAC8AB393E7DA0.replay,1C10754E11E8C6AA84249F8972A1FFC1,C:\Users\Joseph\Documents\My Games\Rocket League\TAGame\Demos\8CD61D2E49E484AF69EAC8AB393E7DA0.replay,C:\Users\Joseph\Documents\My Games\Rocket League\TAGame\Demos\8CD61D2E49E484AF69EAC8AB393E7DA0.json
1A1B78CF40A71F233722FEB6F2FBC713.replay,67119ACC11E8C6AB5CEB178090E3C53A,C:\Users\Joseph\Documents\My Games\Rocket League\TAGame\Demos\1A1B78CF40A71F233722FEB6F2FBC713.replay,C:\Users\Joseph\Documents\My Games\Rocket League\TAGame\Demos\1A1B78CF40A71F233722FEB6F2FBC713.json
5467AA4149D3CD8022AB0C8C94C7FB9B.replay,9EBAF59811E8C6AD06B085B0CFA29187,C:\Users\Joseph\Documents\My Games\Rocket League\TAGame\Demos\5467AA4149D3CD8022AB0C8C94C7FB9B.replay,C:\Users\Joseph\Documents\My Games\Rocket League\TAGame\Demos\5467AA4149D3CD8022AB0C8C94C7FB9B.json
5E0F98CF41D28C241AEEEB85AB532C88.replay,E18B8FF211E8C6AF3F945B94513C40BD,C:\Users\Joseph\Documents\My Games\Rocket League\TAGame\Demos\5E0F98CF41D28C241AEEEB85AB532C88.replay,C:\Users\Joseph\Documents\My Games\Rocket League\TAGame\Demos\5E0F98CF41D28C241AEEEB85AB532C88.json
05841641425B53EE17C6DDAC1C840C5C.replay,6F1FB66211E8C6B17A79838A10B8E4A9,C:\Users\Joseph\Documents\My Games\Rocket League\TAGame\Demos\05841641425B53EE17C6DDAC1C840C5C.replay,C:\Users\Joseph\Documents\My Games\Rocket League\TAGame\Demos\05841641425B53EE17C6DDAC1C840C5C.json
2772FDF543EAF448B7B983B67DCC17B8.replay,19A725AA11E8C6B48311FCA73731F281,C:\Users\Joseph\Documents\My Games\Rocket League\TAGame\Demos\2772FDF543EAF448B7B983B67DCC17B8.replay,C:\Users\Joseph\Documents\My Games\Rocket League\TAGame\Demos\2772FDF543EAF448B7B983B67DCC17B8.json
F2DF89464B9E39EE012D279F876F5686.replay,2473D8CE11E8C6B55551FCA7DFFA2FCB,C:\Users\Joseph\Documents\My Games\Rocket League\TAGame\Demos\F2DF89464B9E39EE012D279F876F5686.replay,C:\Users\Joseph\Documents\My Games\Rocket League\TAGame\Demos\F2DF89464B9E39EE012D279F876F5686.json
4E8DB5DB4A4C0DDB4F914186B0533C39.replay,6D4BAB4611E8C6B841B4D0964097B559,C:\Users\Joseph\Documents\My Games\Rocket League\TAGame\Demos\4E8DB5DB4A4C0DDB4F914186B0533C39.replay,C:\Users\Joseph\Documents\My Games\Rocket League\TAGame\Demos\4E8DB5DB4A4C0DDB4F914186B0533C39.json
B963538945BCBAC1006344848DFE38C4.replay,7DEBAD8811E8C6B9035ABEADB9C3C4DE,C:\Users\Joseph\Documents\My Games\Rocket League\TAGame\Demos\B963538945BCBAC1006344848DFE38C4.replay,C:\Users\Joseph\Documents\My Games\Rocket League\TAGame\Demos\B963538945BCBAC1006344848DFE38C4.json
DB0032EF48B7609CC7AB11B487754DA7.replay,AED68EF011E8C6BD69404885A37BC12B,C:\Users\Joseph\Documents\My Games\Rocket League\TAGame\Demos\DB0032EF48B7609CC7AB11B487754DA7.replay,C:\Users\Joseph\Documents\My Games\Rocket League\TAGame\Demos\DB0032EF48B7609CC7AB11B487754DA7.json
A71CDEBE4563CEAA5C38A6BA9C589F77.replay,6C05A60E11E8C6C4FB9A4D904F41F148,C:\Users\Joseph\Documents\My Games\Rocket League\TAGame\Demos\A71CDEBE4563CEAA5C38A6BA9C589F77.replay,C:\Users\Joseph\Documents\My Games\Rocket League\TAGame\Demos\A71CDEBE4563CEAA5C38A6BA9C589F77.json
B317B4DF4873E3880C504DB4435743A4.replay,84E1D0D211E8C6C7068A7488098F0CE2,C:\Users\Joseph\Documents\My Games\Rocket League\TAGame\Demos\B317B4DF4873E3880C504DB4435743A4.replay,C:\Users\Joseph\Documents\My Games\Rocket League\TAGame\Demos\B317B4DF4873E3880C504DB4435743A4.json
D483C87045C075A62F9C61B914875983.replay,CBBB539411E8C6CB035A7E93B9C3C4DE,C:\Users\Joseph\Documents\My Games\Rocket League\TAGame\Demos\D483C87045C075A62F9C61B914875983.replay,C:\Users\Joseph\Documents\My Games\Rocket League\TAGame\Demos\D483C87045C075A62F9C61B914875983.json
D62F453145A367BEC22CA98052C1221D.replay,1A8498D411E8C6CF721135BC5B762AAF,C:\Users\Joseph\Documents\My Games\Rocket League\TAGame\Demos\D62F453145A367BEC22CA98052C1221D.replay,C:\Users\Joseph\Documents\My Games\Rocket League\TAGame\Demos\D62F453145A367BEC22CA98052C1221D.json
B080D8D044503310DB19CC827555CBCB.replay,23B9056011E8C6D024957B83D234FDAF,C:\Users\Joseph\Documents\My Games\Rocket League\TAGame\Demos\B080D8D044503310DB19CC827555CBCB.replay,C:\Users\Joseph\Documents\My Games\Rocket League\TAGame\Demos\B080D8D044503310DB19CC827555CBCB.json
2A62BADD4D4270BFE7AB4595E8496BA9.replay,ED0DB63A11E8C6D10B3C60B406FF7F13,C:\Users\Joseph\Documents\My Games\Rocket League\TAGame\Demos\2A62BADD4D4270BFE7AB4595E8496BA9.replay,C:\Users\Joseph\Documents\My Games\Rocket League\TAGame\Demos\2A62BADD4D4270BFE7AB4595E8496BA9.json
330F7B82466D8CDC70087E85CD7B20BD.replay,B24ACB3C11E8C6DB889BCA8DF4BC8AE2,C:\Users\Joseph\Documents\My Games\Rocket League\TAGame\Demos\330F7B82466D8CDC70087E85CD7B20BD.replay,C:\Users\Joseph\Documents\My Games\Rocket League\TAGame\Demos\330F7B82466D8CDC70087E85CD7B20BD.json
298BB14540A72224E61765BCC300052A.replay,135686B811E8C6DD11E06CB68CC60B0F,C:\Users\Joseph\Documents\My Games\Rocket League\TAGame\Demos\298BB14540A72224E61765BCC300052A.replay,C:\Users\Joseph\Documents\My Games\Rocket League\TAGame\Demos\298BB14540A72224E61765BCC300052A.json
62AF6B9D46F10C082DE6C9A1F2829000.replay,2F98B4DA11E8C6DE208CAA8D736BCBEC,C:\Users\Joseph\Documents\My Games\Rocket League\TAGame\Demos\62AF6B9D46F10C082DE6C9A1F2829000.replay,C:\Users\Joseph\Documents\My Games\Rocket League\TAGame\Demos\62AF6B9D46F10C082DE6C9A1F2829000.json
4C40769348176B5A924D008F21C67948.replay,473F1DEE11E8C6DFA86FCE977AC938C8,C:\Users\Joseph\Documents\My Games\Rocket League\TAGame\Demos\4C40769348176B5A924D008F21C67948.replay,C:\Users\Joseph\Documents\My Games\Rocket League\TAGame\Demos\4C40769348176B5A924D008F21C67948.json
AFBD9A82477F4FF3CA1D3992DC92DD7C.replay,77D0233011E8C6E03BAA3FAF83362FD6,C:\Users\Joseph\Documents\My Games\Rocket League\TAGame\Demos\AFBD9A82477F4FF3CA1D3992DC92DD7C.replay,C:\Users\Joseph\Documents\My Games\Rocket League\TAGame\Demos\AFBD9A82477F4FF3CA1D3992DC92DD7C.json
77C766A442995B851E3C7585ACC7A0B9.replay,7EF71D0211E8C6E148B04BBF71BE58A5,C:\Users\Joseph\Documents\My Games\Rocket League\TAGame\Demos\77C766A442995B851E3C7585ACC7A0B9.replay,C:\Users\Joseph\Documents\My Games\Rocket League\TAGame\Demos\77C766A442995B851E3C7585ACC7A0B9.json
0E78211F48517F968BE1F5BD8825F678.replay,34C0972A11E8C6E3A709799131A9144E,C:\Users\Joseph\Documents\My Games\Rocket League\TAGame\Demos\0E78211F48517F968BE1F5BD8825F678.replay,C:\Users\Joseph\Documents\My Games\Rocket League\TAGame\Demos\0E78211F48517F968BE1F5BD8825F678.json
7F6351114D50DD96D6282188015FB5DA.replay,1801DB7A11E8C6E4574389B40E97E74B,C:\Users\Joseph\Documents\My Games\Rocket League\TAGame\Demos\7F6351114D50DD96D6282188015FB5DA.replay,C:\Users\Joseph\Documents\My Games\Rocket League\TAGame\Demos\7F6351114D50DD96D6282188015FB5DA.json
BD6765684FA32E5ADE948FB5D0B70241.replay,1761DF2A11E8C6E5445A5AA96F5EF3F1,C:\Users\Joseph\Documents\My Games\Rocket League\TAGame\Demos\BD6765684FA32E5ADE948FB5D0B70241.replay,C:\Users\Joseph\Documents\My Games\Rocket League\TAGame\Demos\BD6765684FA32E5ADE948FB5D0B70241.json
E346912340DB481DC82751821942F6CB.replay,33A5FB0C11E8C6E66E0511B663E6D63F,C:\Users\Joseph\Documents\My Games\Rocket League\TAGame\Demos\E346912340DB481DC82751821942F6CB.replay,C:\Users\Joseph\Documents\My Games\Rocket League\TAGame\Demos\E346912340DB481DC82751821942F6CB.json
B74A912F4BAB869D559D238E9C46E79F.replay,534B395811E8C6E701F28CA687D06070,C:\Users\Joseph\Documents\My Games\Rocket League\TAGame\Demos\B74A912F4BAB869D559D238E9C46E79F.replay,C:\Users\Joseph\Documents\My Games\Rocket League\TAGame\Demos\B74A912F4BAB869D559D238E9C46E79F.json
6DCD4C6748AF9E372BAA288DCB02AC8C.replay,585E1FE011E8C6E8D823CBA01C972E74,C:\Users\Joseph\Documents\My Games\Rocket League\TAGame\Demos\6DCD4C6748AF9E372BAA288DCB02AC8C.replay,C:\Users\Joseph\Documents\My Games\Rocket League\TAGame\Demos\6DCD4C6748AF9E372BAA288DCB02AC8C.json
A27175E8484242FB924BACBBB3665B2D.replay,9D38D7F811E8C6E959533CA660D4B411,C:\Users\Joseph\Documents\My Games\Rocket League\TAGame\Demos\A27175E8484242FB924BACBBB3665B2D.replay,C:\Users\Joseph\Documents\My Games\Rocket League\TAGame\Demos\A27175E8484242FB924BACBBB3665B2D.json
A4F2A1E34FD64A5A607F87B2BF412375.replay,A12B0FE211E8C6EA4B9AABAE3EC41588,C:\Users\Joseph\Documents\My Games\Rocket League\TAGame\Demos\A4F2A1E34FD64A5A607F87B2BF412375.replay,C:\Users\Joseph\Documents\My Games\Rocket League\TAGame\Demos\A4F2A1E34FD64A5A607F87B2BF412375.json
5986BC384A8BB61135A193AE3D740863.replay,BCAD51AC11E8C6EB15AB3D9A7925C4DE,C:\Users\Joseph\Documents\My Games\Rocket League\TAGame\Demos\5986BC384A8BB61135A193AE3D740863.replay,C:\Users\Joseph\Documents\My Games\Rocket League\TAGame\Demos\5986BC384A8BB61135A193AE3D740863.json
D921415547FC855C60471DAF7CDA85EB.replay,7042424011E8C6ECE286B89E24E68ECC,C:\Users\Joseph\Documents\My Games\Rocket League\TAGame\Demos\D921415547FC855C60471DAF7CDA85EB.replay,C:\Users\Joseph\Documents\My Games\Rocket League\TAGame\Demos\D921415547FC855C60471DAF7CDA85EB.json
F5B3150E4CEA6CC35BD889B3ABB1EE49.replay,8840E18411E8C6ED948DFEAC5A8A9736,C:\Users\Joseph\Documents\My Games\Rocket League\TAGame\Demos\F5B3150E4CEA6CC35BD889B3ABB1EE49.replay,C:\Users\Joseph\Documents\My Games\Rocket League\TAGame\Demos\F5B3150E4CEA6CC35BD889B3ABB1EE49.json
60EE71C44512B74F5BB760AB84F30FC0.replay,9FE5855011E8C6EE1F44F990CE788AEF,C:\Users\Joseph\Documents\My Games\Rocket League\TAGame\Demos\60EE71C44512B74F5BB760AB84F30FC0.replay,C:\Users\Joseph\Documents\My Games\Rocket League\TAGame\Demos\60EE71C44512B74F5BB760AB84F30FC0.json
8769938F4DB0FF4584655C8B905DC1A9.replay,AA17102411E8C6EF8A29AEABE8FBC013,C:\Users\Joseph\Documents\My Games\Rocket League\TAGame\Demos\8769938F4DB0FF4584655C8B905DC1A9.replay,C:\Users\Joseph\Documents\My Games\Rocket League\TAGame\Demos\8769938F4DB0FF4584655C8B905DC1A9.json
C4D8361B4600086C031F058BB0E560D6.replay,CBB1302E11E8C6F0988AC1854178846A,C:\Users\Joseph\Documents\My Games\Rocket League\TAGame\Demos\C4D8361B4600086C031F058BB0E560D6.replay,C:\Users\Joseph\Documents\My Games\Rocket League\TAGame\Demos\C4D8361B4600086C031F058BB0E560D6.json
5B0852594FF4415B7F0C9A88E570CA26.replay,D00EE88011E8C6F2396DCB9E68244BC6,C:\Users\Joseph\Documents\My Games\Rocket League\TAGame\Demos\5B0852594FF4415B7F0C9A88E570CA26.replay,C:\Users\Joseph\Documents\My Games\Rocket League\TAGame\Demos\5B0852594FF4415B7F0C9A88E570CA26.json
670C1B7F4D305F8ABAC1CF9EC3334A1C.replay,DC449EE611E8C6F3CCE00D84B78C084D,C:\Users\Joseph\Documents\My Games\Rocket League\TAGame\Demos\670C1B7F4D305F8ABAC1CF9EC3334A1C.replay,C:\Users\Joseph\Documents\My Games\Rocket League\TAGame\Demos\670C1B7F4D305F8ABAC1CF9EC3334A1C.json
4569D6774BD104889DE93EA341CE7C30.replay,0C9463C811E8C6F5FB93E18CF4D6E9E4,C:\Users\Joseph\Documents\My Games\Rocket League\TAGame\Demos\4569D6774BD104889DE93EA341CE7C30.replay,C:\Users\Joseph\Documents\My Games\Rocket League\TAGame\Demos\4569D6774BD104889DE93EA341CE7C30.json
BB05C10A4DCA926A18082B9685E5CFC4.replay,4944E12011E8C6F6D45C5180D0C6BE61,C:\Users\Joseph\Documents\My Games\Rocket League\TAGame\Demos\BB05C10A4DCA926A18082B9685E5CFC4.replay,C:\Users\Joseph\Documents\My Games\Rocket League\TAGame\Demos\BB05C10A4DCA926A18082B9685E5CFC4.json
AB102A2644BAF44B61D5988B5B47B95C.replay,63FA789411E8C6F77EF45F878BFB2691,C:\Users\Joseph\Documents\My Games\Rocket League\TAGame\Demos\AB102A2644BAF44B61D5988B5B47B95C.replay,C:\Users\Joseph\Documents\My Games\Rocket League\TAGame\Demos\AB102A2644BAF44B61D5988B5B47B95C.json
80DCDCAB447AA66983C6DC92483E6BA2.replay,5970926211E8C6F99F72F9A0DDB876BB,C:\Users\Joseph\Documents\My Games\Rocket League\TAGame\Demos\80DCDCAB447AA66983C6DC92483E6BA2.replay,C:\Users\Joseph\Documents\My Games\Rocket League\TAGame\Demos\80DCDCAB447AA66983C6DC92483E6BA2.json
CAA3A30241415624DC6AD08F57C0EB02.replay,58E6DBF211E8C6FAAF9F8B848770A65E,C:\Users\Joseph\Documents\My Games\Rocket League\TAGame\Demos\CAA3A30241415624DC6AD08F57C0EB02.replay,C:\Users\Joseph\Documents\My Games\Rocket League\TAGame\Demos\CAA3A30241415624DC6AD08F57C0EB02.json
C7E4657C40FDF3D1F1E1499F7428C963.replay,5A14904A11E8C6FB5A6E0A897FA316B0,C:\Users\Joseph\Documents\My Games\Rocket League\TAGame\Demos\C7E4657C40FDF3D1F1E1499F7428C963.replay,C:\Users\Joseph\Documents\My Games\Rocket League\TAGame\Demos\C7E4657C40FDF3D1F1E1499F7428C963.json
C4F21C534398EF33352772BC3111548E.replay,81F0909E11E8C6FD4A3B559C21291C79,C:\Users\Joseph\Documents\My Games\Rocket League\TAGame\Demos\C4F21C534398EF33352772BC3111548E.replay,C:\Users\Joseph\Documents\My Games\Rocket League\TAGame\Demos\C4F21C534398EF33352772BC3111548E.json
3F22EF294CDD7CF4578BA9A422B66572.replay,3F8EA3FC11E8C6FE8E7B0FB685745828,C:\Users\Joseph\Documents\My Games\Rocket League\TAGame\Demos\3F22EF294CDD7CF4578BA9A422B66572.replay,C:\Users\Joseph\Documents\My Games\Rocket League\TAGame\Demos\3F22EF294CDD7CF4578BA9A422B66572.json
239091F847B8EC8925F501A3358258CB.replay,3F347D0A11E8C703BB6282A2327FF865,C:\Users\Joseph\Documents\My Games\Rocket League\TAGame\Demos\239091F847B8EC8925F501A3358258CB.replay,C:\Users\Joseph\Documents\My Games\Rocket League\TAGame\Demos\239091F847B8EC8925F501A3358258CB.json
005619F249415791BEF0428AF416CFA3.replay,10C8024011E8C706122F66826FD9AA21,C:\Users\Joseph\Documents\My Games\Rocket League\TAGame\Demos\005619F249415791BEF0428AF416CFA3.replay,C:\Users\Joseph\Documents\My Games\Rocket League\TAGame\Demos\005619F249415791BEF0428AF416CFA3.json
E9FA38AA4F739320B4E145830658107A.replay,55256C8811E8C9D284BBCF9A1A6F09FC,C:\Users\Joseph\Documents\My Games\Rocket League\TAGame\Demos\E9FA38AA4F739320B4E145830658107A.replay,C:\Users\Joseph\Documents\My Games\Rocket League\TAGame\Demos\E9FA38AA4F739320B4E145830658107A.json
7789991D476CB853087AEAA293C01A5B.replay,CD140B7A11E8C9D53EF3C1B87C977244,C:\Users\Joseph\Documents\My Games\Rocket League\TAGame\Demos\7789991D476CB853087AEAA293C01A5B.replay,C:\Users\Joseph\Documents\My Games\Rocket League\TAGame\Demos\7789991D476CB853087AEAA293C01A5B.json
4E1813914D89F3F25179C5B873765A6C.replay,365E239811E8C9D8C23C3C9DCFA9171F,C:\Users\Joseph\Documents\My Games\Rocket League\TAGame\Demos\4E1813914D89F3F25179C5B873765A6C.replay,C:\Users\Joseph\Documents\My Games\Rocket League\TAGame\Demos\4E1813914D89F3F25179C5B873765A6C.json
26414EB4493D564D1CE1CDBB308E3ACD.replay,B380EF1211E8C9D91775649C6D034FCF,C:\Users\Joseph\Documents\My Games\Rocket League\TAGame\Demos\26414EB4493D564D1CE1CDBB308E3ACD.replay,C:\Users\Joseph\Documents\My Games\Rocket League\TAGame\Demos\26414EB4493D564D1CE1CDBB308E3ACD.json
6D3675E04EA9FDB908A523AF36B3CF9C.replay,38FB03C411E8C9DCE993EC89E1517F09,C:\Users\Joseph\Documents\My Games\Rocket League\TAGame\Demos\6D3675E04EA9FDB908A523AF36B3CF9C.replay,C:\Users\Joseph\Documents\My Games\Rocket League\TAGame\Demos\6D3675E04EA9FDB908A523AF36B3CF9C.json
0167CF4948D3EF2AF56D74876A7DD39D.replay,B6853DCC11E8C9DD32A219AC7A38ECB7,C:\Users\Joseph\Documents\My Games\Rocket League\TAGame\Demos\0167CF4948D3EF2AF56D74876A7DD39D.replay,C:\Users\Joseph\Documents\My Games\Rocket League\TAGame\Demos\0167CF4948D3EF2AF56D74876A7DD39D.json
2AE799F045B803696CEAD19711D896B1.replay,7BFE292E11E8C9DE8A29F18FE8FBC013,C:\Users\Joseph\Documents\My Games\Rocket League\TAGame\Demos\2AE799F045B803696CEAD19711D896B1.replay,C:\Users\Joseph\Documents\My Games\Rocket League\TAGame\Demos\2AE799F045B803696CEAD19711D896B1.json
5C76007A4E414AB19D0B84A68B863FEA.replay,2BBEF3B611E8C9DF2A6E83AD36F1A041,C:\Users\Joseph\Documents\My Games\Rocket League\TAGame\Demos\5C76007A4E414AB19D0B84A68B863FEA.replay,C:\Users\Joseph\Documents\My Games\Rocket League\TAGame\Demos\5C76007A4E414AB19D0B84A68B863FEA.json
7BE863FF4623E71D74353D88926D9EC5.replay,8104CFAC11E8C9E0E63958A3DD4705C1,C:\Users\Joseph\Documents\My Games\Rocket League\TAGame\Demos\7BE863FF4623E71D74353D88926D9EC5.replay,C:\Users\Joseph\Documents\My Games\Rocket League\TAGame\Demos\7BE863FF4623E71D74353D88926D9EC5.json
7B2812B346A70CC5399250AC7075DF27.replay,038FF5AA11E8C9E1D7D988B3E6D1B582,C:\Users\Joseph\Documents\My Games\Rocket League\TAGame\Demos\7B2812B346A70CC5399250AC7075DF27.replay,C:\Users\Joseph\Documents\My Games\Rocket League\TAGame\Demos\7B2812B346A70CC5399250AC7075DF27.json
44BD87E849A18EF5F158F8B76205CCC7.replay,51E3CB0E11E8C9E25DB5289AC37FF21A,C:\Users\Joseph\Documents\My Games\Rocket League\TAGame\Demos\44BD87E849A18EF5F158F8B76205CCC7.replay,C:\Users\Joseph\Documents\My Games\Rocket League\TAGame\Demos\44BD87E849A18EF5F158F8B76205CCC7.json
F5FD9EF946FFA638F49CB088877A03A5.replay,B43E193411E8C9E3CA89CD94B66CE599,C:\Users\Joseph\Documents\My Games\Rocket League\TAGame\Demos\F5FD9EF946FFA638F49CB088877A03A5.replay,C:\Users\Joseph\Documents\My Games\Rocket League\TAGame\Demos\F5FD9EF946FFA638F49CB088877A03A5.json
9E9374E440AC214D7FCEA895622A1182.replay,B2CD1BB411E8C9E7460A479B61C00416,C:\Users\Joseph\Documents\My Games\Rocket League\TAGame\Demos\9E9374E440AC214D7FCEA895622A1182.replay,C:\Users\Joseph\Documents\My Games\Rocket League\TAGame\Demos\9E9374E440AC214D7FCEA895622A1182.json
56FE757B4353FC9AC64E4CA859553C43.replay,514B21CC11E8C9E93F9453AD513C40BD,C:\Users\Joseph\Documents\My Games\Rocket League\TAGame\Demos\56FE757B4353FC9AC64E4CA859553C43.replay,C:\Users\Joseph\Documents\My Games\Rocket League\TAGame\Demos\56FE757B4353FC9AC64E4CA859553C43.json
F86C92AD4344BE843C6B269BB425991D.replay,C268E54611E8C9EA578FE095DD3FA561,C:\Users\Joseph\Documents\My Games\Rocket League\TAGame\Demos\F86C92AD4344BE843C6B269BB425991D.replay,C:\Users\Joseph\Documents\My Games\Rocket League\TAGame\Demos\F86C92AD4344BE843C6B269BB425991D.json
28BFD4BD44B4CC21AB1CEB9499C26A04.replay,3C9DC13011E8C9EE57C1A39171517278,C:\Users\Joseph\Documents\My Games\Rocket League\TAGame\Demos\28BFD4BD44B4CC21AB1CEB9499C26A04.replay,C:\Users\Joseph\Documents\My Games\Rocket League\TAGame\Demos\28BFD4BD44B4CC21AB1CEB9499C26A04.json
73164B624C4E2F96ECEF90A0E3911A77.replay,5F4C9A8811E8C9F0D67AEABB78296A08,C:\Users\Joseph\Documents\My Games\Rocket League\TAGame\Demos\73164B624C4E2F96ECEF90A0E3911A77.replay,C:\Users\Joseph\Documents\My Games\Rocket League\TAGame\Demos\73164B624C4E2F96ECEF90A0E3911A77.json
E63C7E864C36DB32BE417D95006E0ACC.replay,5FCFF35011E8C9F11B1C7AB4FD072066,C:\Users\Joseph\Documents\My Games\Rocket League\TAGame\Demos\E63C7E864C36DB32BE417D95006E0ACC.replay,C:\Users\Joseph\Documents\My Games\Rocket League\TAGame\Demos\E63C7E864C36DB32BE417D95006E0ACC.json
8A70145E4ED9E7F52CE5BD800D4C52FA.replay,60CA845E11E8C9F22F139A9BBB5F3690,C:\Users\Joseph\Documents\My Games\Rocket League\TAGame\Demos\8A70145E4ED9E7F52CE5BD800D4C52FA.replay,C:\Users\Joseph\Documents\My Games\Rocket League\TAGame\Demos\8A70145E4ED9E7F52CE5BD800D4C52FA.json
609D347F47009A588E4A069C1DF7C5D2.replay,5AA6C11811E8C9F35E192BBF87866E61,C:\Users\Joseph\Documents\My Games\Rocket League\TAGame\Demos\609D347F47009A588E4A069C1DF7C5D2.replay,C:\Users\Joseph\Documents\My Games\Rocket League\TAGame\Demos\609D347F47009A588E4A069C1DF7C5D2.json
2074658B4A25DF2B94B4CBB0E1135706.replay,1A282B1211E8C9F4CCE01285B78C084D,C:\Users\Joseph\Documents\My Games\Rocket League\TAGame\Demos\2074658B4A25DF2B94B4CBB0E1135706.replay,C:\Users\Joseph\Documents\My Games\Rocket League\TAGame\Demos\2074658B4A25DF2B94B4CBB0E1135706.json
6CD948534D9F6C68508644B18B911D99.replay,CFEF115E11E8C9F43F947588513C40BD,C:\Users\Joseph\Documents\My Games\Rocket League\TAGame\Demos\6CD948534D9F6C68508644B18B911D99.replay,C:\Users\Joseph\Documents\My Games\Rocket League\TAGame\Demos\6CD948534D9F6C68508644B18B911D99.json
F3A169214AF4793089EEF7A3C9915A43.replay,BF82766011E8C9F636C0A39C66B5B600,C:\Users\Joseph\Documents\My Games\Rocket League\TAGame\Demos\F3A169214AF4793089EEF7A3C9915A43.replay,C:\Users\Joseph\Documents\My Games\Rocket League\TAGame\Demos\F3A169214AF4793089EEF7A3C9915A43.json
E41E4F8F48815C17D53A93A3C93D9AC5.replay,EFE0B8D811E8C9F80A94E2BBE9134521,C:\Users\Joseph\Documents\My Games\Rocket League\TAGame\Demos\E41E4F8F48815C17D53A93A3C93D9AC5.replay,C:\Users\Joseph\Documents\My Games\Rocket League\TAGame\Demos\E41E4F8F48815C17D53A93A3C93D9AC5.json
834137A44975A548165051B42608912E.replay,52D0849611E8C9F948B068A871BE58A5,C:\Users\Joseph\Documents\My Games\Rocket League\TAGame\Demos\834137A44975A548165051B42608912E.replay,C:\Users\Joseph\Documents\My Games\Rocket League\TAGame\Demos\834137A44975A548165051B42608912E.json
1E25E60842504DDB9F77C3AE7FD08F52.replay,99652FEE11E8C9FCCCE0E1BBB78C084D,C:\Users\Joseph\Documents\My Games\Rocket League\TAGame\Demos\1E25E60842504DDB9F77C3AE7FD08F52.replay,C:\Users\Joseph\Documents\My Games\Rocket League\TAGame\Demos\1E25E60842504DDB9F77C3AE7FD08F52.json
B8BDD7AF4F64C177EED1CEA4DD4544A8.replay,C43FC43E11E8C9FEA3B2819BE5965C19,C:\Users\Joseph\Documents\My Games\Rocket League\TAGame\Demos\B8BDD7AF4F64C177EED1CEA4DD4544A8.replay,C:\Users\Joseph\Documents\My Games\Rocket League\TAGame\Demos\B8BDD7AF4F64C177EED1CEA4DD4544A8.json
F71141464052298AE2F846BDBFD08B5B.replay,E58CA5E811E8C9FFEDE9ADAF429A32CD,C:\Users\Joseph\Documents\My Games\Rocket League\TAGame\Demos\F71141464052298AE2F846BDBFD08B5B.replay,C:\Users\Joseph\Documents\My Games\Rocket League\TAGame\Demos\F71141464052298AE2F846BDBFD08B5B.json
D338F1A744D2B392F0D7FCBF121061EF.replay,A24C0CC211E8CA01A86F58957AC938C8,C:\Users\Joseph\Documents\My Games\Rocket League\TAGame\Demos\D338F1A744D2B392F0D7FCBF121061EF.replay,C:\Users\Joseph\Documents\My Games\Rocket League\TAGame\Demos\D338F1A744D2B392F0D7FCBF121061EF.json
2858606B45BCEFCF5CDDBAA82B4FF417.replay,7332F1E811E8CA028E7B1BBA85745828,C:\Users\Joseph\Documents\My Games\Rocket League\TAGame\Demos\2858606B45BCEFCF5CDDBAA82B4FF417.replay,C:\Users\Joseph\Documents\My Games\Rocket League\TAGame\Demos\2858606B45BCEFCF5CDDBAA82B4FF417.json
A037222946CD0D8525C93589768199B8.replay,1B416DC811E8CA040B3C7CBE06FF7F13,C:\Users\Joseph\Documents\My Games\Rocket League\TAGame\Demos\A037222946CD0D8525C93589768199B8.replay,C:\Users\Joseph\Documents\My Games\Rocket League\TAGame\Demos\A037222946CD0D8525C93589768199B8.json
0716A9E44D80002FA621D9B601FFC565.replay,270BF2F811E8CA05177558AA6D034FCF,C:\Users\Joseph\Documents\My Games\Rocket League\TAGame\Demos\0716A9E44D80002FA621D9B601FFC565.replay,C:\Users\Joseph\Documents\My Games\Rocket League\TAGame\Demos\0716A9E44D80002FA621D9B601FFC565.json
2DA395A146B8B5B593DB7EB8189A6F96.replay,F4F4C68611E8CA05A4D5BEB2381B22F2,C:\Users\Joseph\Documents\My Games\Rocket League\TAGame\Demos\2DA395A146B8B5B593DB7EB8189A6F96.replay,C:\Users\Joseph\Documents\My Games\Rocket League\TAGame\Demos\2DA395A146B8B5B593DB7EB8189A6F96.json
CD0D3EF94B76575D977F49B446DA1711.replay,C86ECAB611E8CA06ED5B999E6D227AE6,C:\Users\Joseph\Documents\My Games\Rocket League\TAGame\Demos\CD0D3EF94B76575D977F49B446DA1711.replay,C:\Users\Joseph\Documents\My Games\Rocket League\TAGame\Demos\CD0D3EF94B76575D977F49B446DA1711.json
17F4EEF74B045A392FA824A3F5C1F902.replay,E116DBA211E8CA071D11D6B5A35E3316,C:\Users\Joseph\Documents\My Games\Rocket League\TAGame\Demos\17F4EEF74B045A392FA824A3F5C1F902.replay,C:\Users\Joseph\Documents\My Games\Rocket League\TAGame\Demos\17F4EEF74B045A392FA824A3F5C1F902.json
DC10957042B7EEFA9EB00BB5931EEB14.replay,C4208EF211E8CA08E6391DA9DD4705C1,C:\Users\Joseph\Documents\My Games\Rocket League\TAGame\Demos\DC10957042B7EEFA9EB00BB5931EEB14.replay,C:\Users\Joseph\Documents\My Games\Rocket League\TAGame\Demos\DC10957042B7EEFA9EB00BB5931EEB14.json
E19B5DB04545FC96DEA496BEF7C20B23.replay,E28910FC11E8CA09BC11F783AF19E2AD,C:\Users\Joseph\Documents\My Games\Rocket League\TAGame\Demos\E19B5DB04545FC96DEA496BEF7C20B23.replay,C:\Users\Joseph\Documents\My Games\Rocket League\TAGame\Demos\E19B5DB04545FC96DEA496BEF7C20B23.json
F0FAFAF9485EDCF6A00D44930D063376.replay,D570841011E8CA0C1AC653B16E42E181,C:\Users\Joseph\Documents\My Games\Rocket League\TAGame\Demos\F0FAFAF9485EDCF6A00D44930D063376.replay,C:\Users\Joseph\Documents\My Games\Rocket League\TAGame\Demos\F0FAFAF9485EDCF6A00D44930D063376.json
2B17B42F46B285E050A4489E9545FB01.replay,2375932A11E8CA0E5CEBCA8790E3C53A,C:\Users\Joseph\Documents\My Games\Rocket League\TAGame\Demos\2B17B42F46B285E050A4489E9545FB01.replay,C:\Users\Joseph\Documents\My Games\Rocket League\TAGame\Demos\2B17B42F46B285E050A4489E9545FB01.json
B20EC75E4B1B20A47BF6B782993785CF.replay,58023F4811E8CA0F4DCBF4A2B79AC2EF,C:\Users\Joseph\Documents\My Games\Rocket League\TAGame\Demos\B20EC75E4B1B20A47BF6B782993785CF.replay,C:\Users\Joseph\Documents\My Games\Rocket League\TAGame\Demos\B20EC75E4B1B20A47BF6B782993785CF.json
50CEDFCA4D4B0EF71C8024B2C2753A99.replay,5769B4F211E8CA10889B348AF4BC8AE2,C:\Users\Joseph\Documents\My Games\Rocket League\TAGame\Demos\50CEDFCA4D4B0EF71C8024B2C2753A99.replay,C:\Users\Joseph\Documents\My Games\Rocket League\TAGame\Demos\50CEDFCA4D4B0EF71C8024B2C2753A99.json
6C263EC14533E471E7B4EAA1A9E092E1.replay,2CB0002211E8CA15396D56A668244BC6,C:\Users\Joseph\Documents\My Games\Rocket League\TAGame\Demos\6C263EC14533E471E7B4EAA1A9E092E1.replay,C:\Users\Joseph\Documents\My Games\Rocket League\TAGame\Demos\6C263EC14533E471E7B4EAA1A9E092E1.json
33108C91459DA32B1FFB41B10B285BE1.replay,4641EFFE11E8CA16A709949F31A9144E,C:\Users\Joseph\Documents\My Games\Rocket League\TAGame\Demos\33108C91459DA32B1FFB41B10B285BE1.replay,C:\Users\Joseph\Documents\My Games\Rocket League\TAGame\Demos\33108C91459DA32B1FFB41B10B285BE1.json
89117A4941349AD93836488F6B12263B.replay,B8A6A37C11E8CA17842487BB72A1FFC1,C:\Users\Joseph\Documents\My Games\Rocket League\TAGame\Demos\89117A4941349AD93836488F6B12263B.replay,C:\Users\Joseph\Documents\My Games\Rocket League\TAGame\Demos\89117A4941349AD93836488F6B12263B.json
34A7F67E44C0E86F23D9BAB7670D2B03.replay,A2FB9E6411E8CA180E5DF5990C2A6737,C:\Users\Joseph\Documents\My Games\Rocket League\TAGame\Demos\34A7F67E44C0E86F23D9BAB7670D2B03.replay,C:\Users\Joseph\Documents\My Games\Rocket League\TAGame\Demos\34A7F67E44C0E86F23D9BAB7670D2B03.json
763F2F2C483044C1D872EB8E46EECEF6.replay,7721388411E8CA1987EF7A9D777CAF14,C:\Users\Joseph\Documents\My Games\Rocket League\TAGame\Demos\763F2F2C483044C1D872EB8E46EECEF6.replay,C:\Users\Joseph\Documents\My Games\Rocket League\TAGame\Demos\763F2F2C483044C1D872EB8E46EECEF6.json
59D16468476073D51A7E94BF2F1DC7B3.replay,75F34D7A11E8CA1A47A20FB8D253EF33,C:\Users\Joseph\Documents\My Games\Rocket League\TAGame\Demos\59D16468476073D51A7E94BF2F1DC7B3.replay,C:\Users\Joseph\Documents\My Games\Rocket League\TAGame\Demos\59D16468476073D51A7E94BF2F1DC7B3.json
F4601EAF4628568B8741098F4F7A605B.replay,7D19D6E011E8CA1B394516AC63A4512F,C:\Users\Joseph\Documents\My Games\Rocket League\TAGame\Demos\F4601EAF4628568B8741098F4F7A605B.replay,C:\Users\Joseph\Documents\My Games\Rocket League\TAGame\Demos\F4601EAF4628568B8741098F4F7A605B.json
69963FDA4D08C4D57361888EC0992325.replay,9A148A9611E8CA1C0EDEBA87E6306C59,C:\Users\Joseph\Documents\My Games\Rocket League\TAGame\Demos\69963FDA4D08C4D57361888EC0992325.replay,C:\Users\Joseph\Documents\My Games\Rocket League\TAGame\Demos\69963FDA4D08C4D57361888EC0992325.json
998F799D4ABDB11BF285D592E59549F7.replay,E6000DFC11E8CA1ED2DCBDADA58FAB1B,C:\Users\Joseph\Documents\My Games\Rocket League\TAGame\Demos\998F799D4ABDB11BF285D592E59549F7.replay,C:\Users\Joseph\Documents\My Games\Rocket League\TAGame\Demos\998F799D4ABDB11BF285D592E59549F7.json
727361C849BA71B637CE89B38E279F0B.replay,4EACFC4411E8CA231D112BA8A35E3316,C:\Users\Joseph\Documents\My Games\Rocket League\TAGame\Demos\727361C849BA71B637CE89B38E279F0B.replay,C:\Users\Joseph\Documents\My Games\Rocket League\TAGame\Demos\727361C849BA71B637CE89B38E279F0B.json
D5FBE7A740901E188656A3A3CD6F24A9.replay,2D81365011E8CA256F920EA115A8A97B,C:\Users\Joseph\Documents\My Games\Rocket League\TAGame\Demos\D5FBE7A740901E188656A3A3CD6F24A9.replay,C:\Users\Joseph\Documents\My Games\Rocket League\TAGame\Demos\D5FBE7A740901E188656A3A3CD6F24A9.json
C55CBD0C4E0CB41B99F74B8539A23C51.replay,501A7F2611E8CA2784BBD4B61A6F09FC,C:\Users\Joseph\Documents\My Games\Rocket League\TAGame\Demos\C55CBD0C4E0CB41B99F74B8539A23C51.replay,C:\Users\Joseph\Documents\My Games\Rocket League\TAGame\Demos\C55CBD0C4E0CB41B99F74B8539A23C51.json
E3E0CA0E4AE82B587C0864BC21D1378A.replay,2B66375611E8CAB34DCB5083B79AC2EF,C:\Users\Joseph\Documents\My Games\Rocket League\TAGame\Demos\E3E0CA0E4AE82B587C0864BC21D1378A.replay,C:\Users\Joseph\Documents\My Games\Rocket League\TAGame\Demos\E3E0CA0E4AE82B587C0864BC21D1378A.json
D5D3666142FBE37D6D1E70A3C9C832A4.replay,9850A29C11E8CAB4F3833E8034694FB4,C:\Users\Joseph\Documents\My Games\Rocket League\TAGame\Demos\D5D3666142FBE37D6D1E70A3C9C832A4.replay,C:\Users\Joseph\Documents\My Games\Rocket League\TAGame\Demos\D5D3666142FBE37D6D1E70A3C9C832A4.json
853776294ACF32D737B1DAAB0E751022.replay,AF5CA19211E8CAB5E6398189DD4705C1,C:\Users\Joseph\Documents\My Games\Rocket League\TAGame\Demos\853776294ACF32D737B1DAAB0E751022.replay,C:\Users\Joseph\Documents\My Games\Rocket League\TAGame\Demos\853776294ACF32D737B1DAAB0E751022.json
1F4157C14EE6D27090A33DB81E8E8BC7.replay,620F8BFA11E8CAB7122FFD896FD9AA21,C:\Users\Joseph\Documents\My Games\Rocket League\TAGame\Demos\1F4157C14EE6D27090A33DB81E8E8BC7.replay,C:\Users\Joseph\Documents\My Games\Rocket League\TAGame\Demos\1F4157C14EE6D27090A33DB81E8E8BC7.json
AAD25C8A4C3C3E6BE3C9AA85472E22BB.replay,342D150811E8CAB8FB931A99F4D6E9E4,C:\Users\Joseph\Documents\My Games\Rocket League\TAGame\Demos\AAD25C8A4C3C3E6BE3C9AA85472E22BB.replay,C:\Users\Joseph\Documents\My Games\Rocket League\TAGame\Demos\AAD25C8A4C3C3E6BE3C9AA85472E22BB.json
F1DF254B4E9E6090364119B1F6B42856.replay,DF5CB2FA11E8CAB6FB9A80834F41F148,C:\Users\Joseph\Documents\My Games\Rocket League\TAGame\Demos\F1DF254B4E9E6090364119B1F6B42856.replay,C:\Users\Joseph\Documents\My Games\Rocket League\TAGame\Demos\F1DF254B4E9E6090364119B1F6B42856.json
E6FA9C6B459B8E9CA17682827A7F187A.replay,EB8EC42A11E8CAB90CA87EAB73CD017D,C:\Users\Joseph\Documents\My Games\Rocket League\TAGame\Demos\E6FA9C6B459B8E9CA17682827A7F187A.replay,C:\Users\Joseph\Documents\My Games\Rocket League\TAGame\Demos\E6FA9C6B459B8E9CA17682827A7F187A.json
C89359904E03B71BDD6973B7E778ADC0.replay,B4BAC13A11E8CABC48C77CBEF804EB1A,C:\Users\Joseph\Documents\My Games\Rocket League\TAGame\Demos\C89359904E03B71BDD6973B7E778ADC0.replay,C:\Users\Joseph\Documents\My Games\Rocket League\TAGame\Demos\C89359904E03B71BDD6973B7E778ADC0.json
6DA3289B46F605B78B9D88B61D85CCD5.replay,E1D7025E11E8CABD95C681B59226333D,C:\Users\Joseph\Documents\My Games\Rocket League\TAGame\Demos\6DA3289B46F605B78B9D88B61D85CCD5.replay,C:\Users\Joseph\Documents\My Games\Rocket League\TAGame\Demos\6DA3289B46F605B78B9D88B61D85CCD5.json
54E5592E490C9200AA6EEA81E68061E1.replay,ACB6278011E8CB67122FE6B66FD9AA21,C:\Users\Joseph\Documents\My Games\Rocket League\TAGame\Demos\54E5592E490C9200AA6EEA81E68061E1.replay,C:\Users\Joseph\Documents\My Games\Rocket League\TAGame\Demos\54E5592E490C9200AA6EEA81E68061E1.json
C8888D01453913A5F1BE7A9D6748FB7F.replay,9663812011E8CB685A6E0FAD7FA316B0,C:\Users\Joseph\Documents\My Games\Rocket League\TAGame\Demos\C8888D01453913A5F1BE7A9D6748FB7F.replay,C:\Users\Joseph\Documents\My Games\Rocket League\TAGame\Demos\C8888D01453913A5F1BE7A9D6748FB7F.json
74DF704F468BB81C646EFE9742EB88E9.replay,AAE2F9EA11E8CB6957C1558471517278,C:\Users\Joseph\Documents\My Games\Rocket League\TAGame\Demos\74DF704F468BB81C646EFE9742EB88E9.replay,C:\Users\Joseph\Documents\My Games\Rocket League\TAGame\Demos\74DF704F468BB81C646EFE9742EB88E9.json
87248E374D232ABD418FEDBA7EA05657.replay,70AF53EE11E8CB6AAF9FFB998770A65E,C:\Users\Joseph\Documents\My Games\Rocket League\TAGame\Demos\87248E374D232ABD418FEDBA7EA05657.replay,C:\Users\Joseph\Documents\My Games\Rocket League\TAGame\Demos\87248E374D232ABD418FEDBA7EA05657.json
A1A56A974DAA0E7D3C31F0A6C48C738F.replay,93F61C0611E8CB6B0ED4289C3C855769,C:\Users\Joseph\Documents\My Games\Rocket League\TAGame\Demos\A1A56A974DAA0E7D3C31F0A6C48C738F.replay,C:\Users\Joseph\Documents\My Games\Rocket League\TAGame\Demos\A1A56A974DAA0E7D3C31F0A6C48C738F.json
75A5000244501EAFF1B3458BC5801B3B.replay,75BCC97811E8CB6CF175B5B9284E6B98,C:\Users\Joseph\Documents\My Games\Rocket League\TAGame\Demos\75A5000244501EAFF1B3458BC5801B3B.replay,C:\Users\Joseph\Documents\My Games\Rocket League\TAGame\Demos\75A5000244501EAFF1B3458BC5801B3B.json
3F8A45BA458C00768BBE34BD1258E035.replay,89FC6FDC11E8CB6D0A9449B3E9134521,C:\Users\Joseph\Documents\My Games\Rocket League\TAGame\Demos\3F8A45BA458C00768BBE34BD1258E035.replay,C:\Users\Joseph\Documents\My Games\Rocket League\TAGame\Demos\3F8A45BA458C00768BBE34BD1258E035.json
10335BC2460114303EAEF4ADEC8E4C09.replay,2F755CBC11E8CB6E7ABA5CA0E3DA7507,C:\Users\Joseph\Documents\My Games\Rocket League\TAGame\Demos\10335BC2460114303EAEF4ADEC8E4C09.replay,C:\Users\Joseph\Documents\My Games\Rocket League\TAGame\Demos\10335BC2460114303EAEF4ADEC8E4C09.json
59CF6C9E4CBF65634F7788AB82CF1989.replay,0459BB9411E8CB6FF0202B92A404E53C,C:\Users\Joseph\Documents\My Games\Rocket League\TAGame\Demos\59CF6C9E4CBF65634F7788AB82CF1989.replay,C:\Users\Joseph\Documents\My Games\Rocket League\TAGame\Demos\59CF6C9E4CBF65634F7788AB82CF1989.json
2F0121B64D9D2DC93C7CDD965E3D1A91.replay,A616D44011E8CB6ED67A139E78296A08,C:\Users\Joseph\Documents\My Games\Rocket League\TAGame\Demos\2F0121B64D9D2DC93C7CDD965E3D1A91.replay,C:\Users\Joseph\Documents\My Games\Rocket League\TAGame\Demos\2F0121B64D9D2DC93C7CDD965E3D1A91.json
0B87CF814397A0E6C059ABAF2795E149.replay,9BB283C611E8CCF63FBD31943AC558AA,C:\Users\Joseph\Documents\My Games\Rocket League\TAGame\Demos\0B87CF814397A0E6C059ABAF2795E149.replay,C:\Users\Joseph\Documents\My Games\Rocket League\TAGame\Demos\0B87CF814397A0E6C059ABAF2795E149.json
7BFD012743E84FFE4189BC889CA263AB.replay,A9436FA411E8CCF7D67AE1BC78296A08,C:\Users\Joseph\Documents\My Games\Rocket League\TAGame\Demos\7BFD012743E84FFE4189BC889CA263AB.replay,C:\Users\Joseph\Documents\My Games\Rocket League\TAGame\Demos\7BFD012743E84FFE4189BC889CA263AB.json
C9A09BFB4684CCD251036A8C09EEF09A.replay,DE268F1611E8CCF8F4244FABEE4D099D,C:\Users\Joseph\Documents\My Games\Rocket League\TAGame\Demos\C9A09BFB4684CCD251036A8C09EEF09A.replay,C:\Users\Joseph\Documents\My Games\Rocket League\TAGame\Demos\C9A09BFB4684CCD251036A8C09EEF09A.json
7567540D44E882F2E88B8CB77CC9BC5C.replay,99F752D811E8CCFA47A2BEAED253EF33,C:\Users\Joseph\Documents\My Games\Rocket League\TAGame\Demos\7567540D44E882F2E88B8CB77CC9BC5C.replay,C:\Users\Joseph\Documents\My Games\Rocket League\TAGame\Demos\7567540D44E882F2E88B8CB77CC9BC5C.json
A54152334FE5203EB4BEE7A3ED6F2D4B.replay,9F04AD1A11E8CCFBBE8399B72BF27055,C:\Users\Joseph\Documents\My Games\Rocket League\TAGame\Demos\A54152334FE5203EB4BEE7A3ED6F2D4B.replay,C:\Users\Joseph\Documents\My Games\Rocket League\TAGame\Demos\A54152334FE5203EB4BEE7A3ED6F2D4B.json
BF731DA14CCC006509DE80BF9E0B854E.replay,89AD879211E8CCFC38B7F8B093F5F544,C:\Users\Joseph\Documents\My Games\Rocket League\TAGame\Demos\BF731DA14CCC006509DE80BF9E0B854E.replay,C:\Users\Joseph\Documents\My Games\Rocket League\TAGame\Demos\BF731DA14CCC006509DE80BF9E0B854E.json
99D8F0DB42661EDDAB66309370D6BA1C.replay,CD1762A811E8CCFEAFAD7A86F6B119CA,C:\Users\Joseph\Documents\My Games\Rocket League\TAGame\Demos\99D8F0DB42661EDDAB66309370D6BA1C.replay,C:\Users\Joseph\Documents\My Games\Rocket League\TAGame\Demos\99D8F0DB42661EDDAB66309370D6BA1C.json
1AF0C43541D91648E76BDFA78659D8C5.replay,6ABB128611E8D01801F28DA687D06070,C:\Users\Joseph\Documents\My Games\Rocket League\TAGame\Demos\1AF0C43541D91648E76BDFA78659D8C5.replay,C:\Users\Joseph\Documents\My Games\Rocket League\TAGame\Demos\1AF0C43541D91648E76BDFA78659D8C5.json
082F3EC1478083B9422E099F7425D299.replay,B2FFBE4211E8D0194EA472BC95DACF62,C:\Users\Joseph\Documents\My Games\Rocket League\TAGame\Demos\082F3EC1478083B9422E099F7425D299.replay,C:\Users\Joseph\Documents\My Games\Rocket League\TAGame\Demos\082F3EC1478083B9422E099F7425D299.json
74B766004B14AC79F73ADFB11738C660.replay,C61C6C4011E8D01AF4240094EE4D099D,C:\Users\Joseph\Documents\My Games\Rocket League\TAGame\Demos\74B766004B14AC79F73ADFB11738C660.replay,C:\Users\Joseph\Documents\My Games\Rocket League\TAGame\Demos\74B766004B14AC79F73ADFB11738C660.json
83C88BDB4AB7D7BABFA0E1B79AC9DDD2.replay,D3ADE93C11E8D01BCBFED98C9DA27B6A,C:\Users\Joseph\Documents\My Games\Rocket League\TAGame\Demos\83C88BDB4AB7D7BABFA0E1B79AC9DDD2.replay,C:\Users\Joseph\Documents\My Games\Rocket League\TAGame\Demos\83C88BDB4AB7D7BABFA0E1B79AC9DDD2.json
A974C29C4FA81390BE9C8D80334573AC.replay,9363E17811E8D01C6E05F5B563E6D63F,C:\Users\Joseph\Documents\My Games\Rocket League\TAGame\Demos\A974C29C4FA81390BE9C8D80334573AC.replay,C:\Users\Joseph\Documents\My Games\Rocket League\TAGame\Demos\A974C29C4FA81390BE9C8D80334573AC.json
7896C0794F4F524278D50CA74CBFB09E.replay,78E89CB611E8D01DFB93C0BCF4D6E9E4,C:\Users\Joseph\Documents\My Games\Rocket League\TAGame\Demos\7896C0794F4F524278D50CA74CBFB09E.replay,C:\Users\Joseph\Documents\My Games\Rocket League\TAGame\Demos\7896C0794F4F524278D50CA74CBFB09E.json
B2CBDC8640D379B8C53A2D888423E4BB.replay,ECF19CEC11E8D01E1D110FA3A35E3316,C:\Users\Joseph\Documents\My Games\Rocket League\TAGame\Demos\B2CBDC8640D379B8C53A2D888423E4BB.replay,C:\Users\Joseph\Documents\My Games\Rocket League\TAGame\Demos\B2CBDC8640D379B8C53A2D888423E4BB.json
5505B3B5482052A18771E886E0DD6F66.replay,0EB59A8E11E8D021AEF47FB858E7A53D,C:\Users\Joseph\Documents\My Games\Rocket League\TAGame\Demos\5505B3B5482052A18771E886E0DD6F66.replay,C:\Users\Joseph\Documents\My Games\Rocket League\TAGame\Demos\5505B3B5482052A18771E886E0DD6F66.json
C37056144067C3C40DCF3EB93BC431CD.replay,17BD3DCA11E8D022A64B7FB8D39CEC1D,C:\Users\Joseph\Documents\My Games\Rocket League\TAGame\Demos\C37056144067C3C40DCF3EB93BC431CD.replay,C:\Users\Joseph\Documents\My Games\Rocket League\TAGame\Demos\C37056144067C3C40DCF3EB93BC431CD.json
F3053E94447448D7535820A9474770C9.replay,C9D9D38211E8D276DD7C0EB5DDD66B27,C:\Users\Joseph\Documents\My Games\Rocket League\TAGame\Demos\F3053E94447448D7535820A9474770C9.replay,C:\Users\Joseph\Documents\My Games\Rocket League\TAGame\Demos\F3053E94447448D7535820A9474770C9.json
BDFE0CEA49FC75D364EB2FAF7F5B498B.replay,E76A4C1E11E8D2773BAA0EB583362FD6,C:\Users\Joseph\Documents\My Games\Rocket League\TAGame\Demos\BDFE0CEA49FC75D364EB2FAF7F5B498B.replay,C:\Users\Joseph\Documents\My Games\Rocket League\TAGame\Demos\BDFE0CEA49FC75D364EB2FAF7F5B498B.json
ABAB03D64A1AE27738C0C08EFFEF0E03.replay,5784A6D811E8D279BEA38C9E6452EB4A,C:\Users\Joseph\Documents\My Games\Rocket League\TAGame\Demos\ABAB03D64A1AE27738C0C08EFFEF0E03.replay,C:\Users\Joseph\Documents\My Games\Rocket League\TAGame\Demos\ABAB03D64A1AE27738C0C08EFFEF0E03.json
2172369F4A9D4E44A4029A85EE7CB872.replay,60780AE011E8D27A1AFC94B5D6D201EF,C:\Users\Joseph\Documents\My Games\Rocket League\TAGame\Demos\2172369F4A9D4E44A4029A85EE7CB872.replay,C:\Users\Joseph\Documents\My Games\Rocket League\TAGame\Demos\2172369F4A9D4E44A4029A85EE7CB872.json
8BF82EA04A21138205CEB8A47F0AA2DF.replay,7F4DC1FC11E8D27B889B15A5F4BC8AE2,C:\Users\Joseph\Documents\My Games\Rocket League\TAGame\Demos\8BF82EA04A21138205CEB8A47F0AA2DF.replay,C:\Users\Joseph\Documents\My Games\Rocket League\TAGame\Demos\8BF82EA04A21138205CEB8A47F0AA2DF.json
42025FAE4D9A308E7ECEE0A9FA6904E9.replay,572B992811E8D27C06B08FB6CFA29187,C:\Users\Joseph\Documents\My Games\Rocket League\TAGame\Demos\42025FAE4D9A308E7ECEE0A9FA6904E9.replay,C:\Users\Joseph\Documents\My Games\Rocket League\TAGame\Demos\42025FAE4D9A308E7ECEE0A9FA6904E9.json
21D6BB3B4731984138212FB06191E5D7.replay,59DFB04011E8D27D8F5635B76E14AA3E,C:\Users\Joseph\Documents\My Games\Rocket League\TAGame\Demos\21D6BB3B4731984138212FB06191E5D7.replay,C:\Users\Joseph\Documents\My Games\Rocket League\TAGame\Demos\21D6BB3B4731984138212FB06191E5D7.json
E08A58E64DCE4056F4E58E8AE37DB714.replay,DA89E44411E8D27E1F4449BCCE788AEF,C:\Users\Joseph\Documents\My Games\Rocket League\TAGame\Demos\E08A58E64DCE4056F4E58E8AE37DB714.replay,C:\Users\Joseph\Documents\My Games\Rocket League\TAGame\Demos\E08A58E64DCE4056F4E58E8AE37DB714.json
5AB384A9410B73F04FA5F58887090590.replay,A8397D0A11E8D27F11E9D79D93B724A9,C:\Users\Joseph\Documents\My Games\Rocket League\TAGame\Demos\5AB384A9410B73F04FA5F58887090590.replay,C:\Users\Joseph\Documents\My Games\Rocket League\TAGame\Demos\5AB384A9410B73F04FA5F58887090590.json
7FD4E78041ABF1B3E45C638910AB8530.replay,A3ECC61611E8D2805A538797FFA26E0E,C:\Users\Joseph\Documents\My Games\Rocket League\TAGame\Demos\7FD4E78041ABF1B3E45C638910AB8530.replay,C:\Users\Joseph\Documents\My Games\Rocket League\TAGame\Demos\7FD4E78041ABF1B3E45C638910AB8530.json
AC8D34A54127CCFB8CFB7F858A2A8188.replay,695146D811E8D4EE6CAFB59D5D03616E,C:\Users\Joseph\Documents\My Games\Rocket League\TAGame\Demos\AC8D34A54127CCFB8CFB7F858A2A8188.replay,C:\Users\Joseph\Documents\My Games\Rocket League\TAGame\Demos\AC8D34A54127CCFB8CFB7F858A2A8188.json
1AC199BC485F8B7C0B3D68AD96D84974.replay,910FD4EA11E8D4EF23459D9DC7A4572F,C:\Users\Joseph\Documents\My Games\Rocket League\TAGame\Demos\1AC199BC485F8B7C0B3D68AD96D84974.replay,C:\Users\Joseph\Documents\My Games\Rocket League\TAGame\Demos\1AC199BC485F8B7C0B3D68AD96D84974.json
1BAB527749EB6481D8B495A8DECF164D.replay,79D49C4211E8D4F055899FBEF4CBF7D5,C:\Users\Joseph\Documents\My Games\Rocket League\TAGame\Demos\1BAB527749EB6481D8B495A8DECF164D.replay,C:\Users\Joseph\Documents\My Games\Rocket League\TAGame\Demos\1BAB527749EB6481D8B495A8DECF164D.json
87D6F7D64C86058F4D19FAB1328E8DCC.replay,8C67E9FC11E8D4F2A283E9BA692A63D5,C:\Users\Joseph\Documents\My Games\Rocket League\TAGame\Demos\87D6F7D64C86058F4D19FAB1328E8DCC.replay,C:\Users\Joseph\Documents\My Games\Rocket League\TAGame\Demos\87D6F7D64C86058F4D19FAB1328E8DCC.json
26EE716A43DF4AE5A583EB9D071B62C5.replay,39CBC42E11E8D4F3EDF1338D38FAFC7A,C:\Users\Joseph\Documents\My Games\Rocket League\TAGame\Demos\26EE716A43DF4AE5A583EB9D071B62C5.replay,C:\Users\Joseph\Documents\My Games\Rocket League\TAGame\Demos\26EE716A43DF4AE5A583EB9D071B62C5.json
D89367314AF20688F7BFAE9A673DC2A2.replay,31E0FC2411E8D4F4396DC28968244BC6,C:\Users\Joseph\Documents\My Games\Rocket League\TAGame\Demos\D89367314AF20688F7BFAE9A673DC2A2.replay,C:\Users\Joseph\Documents\My Games\Rocket League\TAGame\Demos\D89367314AF20688F7BFAE9A673DC2A2.json
7BA3812147BB46169E04D289AD4E3324.replay,CDC5916011E8D597C204FD8F025A91F2,C:\Users\Joseph\Documents\My Games\Rocket League\TAGame\Demos\7BA3812147BB46169E04D289AD4E3324.replay,C:\Users\Joseph\Documents\My Games\Rocket League\TAGame\Demos\7BA3812147BB46169E04D289AD4E3324.json
8A58354F48E66B045DECE7AF44202C27.replay,AF74710C11E8D5991775C6A56D034FCF,C:\Users\Joseph\Documents\My Games\Rocket League\TAGame\Demos\8A58354F48E66B045DECE7AF44202C27.replay,C:\Users\Joseph\Documents\My Games\Rocket League\TAGame\Demos\8A58354F48E66B045DECE7AF44202C27.json
A45799A24B177D3140C6C0BCECBCBA9C.replay,341647AE11E8D59B97F0C6A5BA7C9F3F,C:\Users\Joseph\Documents\My Games\Rocket League\TAGame\Demos\A45799A24B177D3140C6C0BCECBCBA9C.replay,C:\Users\Joseph\Documents\My Games\Rocket League\TAGame\Demos\A45799A24B177D3140C6C0BCECBCBA9C.json
C152731C42E02AD7E47C70B884DA912E.replay,60A1853A11E8D59C15ABC5837925C4DE,C:\Users\Joseph\Documents\My Games\Rocket League\TAGame\Demos\C152731C42E02AD7E47C70B884DA912E.replay,C:\Users\Joseph\Documents\My Games\Rocket League\TAGame\Demos\C152731C42E02AD7E47C70B884DA912E.json
8D33FF694CA4404F8455A2990638C126.replay,4C4C04BA11E8D59D035A259BB9C3C4DE,C:\Users\Joseph\Documents\My Games\Rocket League\TAGame\Demos\8D33FF694CA4404F8455A2990638C126.replay,C:\Users\Joseph\Documents\My Games\Rocket League\TAGame\Demos\8D33FF694CA4404F8455A2990638C126.json
181F1EAD4EA47C65F52B40A7BA045333.replay,56EFACBC11E8D59F1D94AABE7D913D63,C:\Users\Joseph\Documents\My Games\Rocket League\TAGame\Demos\181F1EAD4EA47C65F52B40A7BA045333.replay,C:\Users\Joseph\Documents\My Games\Rocket League\TAGame\Demos\181F1EAD4EA47C65F52B40A7BA045333.json
3FAC7CBF47A7BF53FD122B9061B74903.replay,902866B211E8D5A0F1755B92284E6B98,C:\Users\Joseph\Documents\My Games\Rocket League\TAGame\Demos\3FAC7CBF47A7BF53FD122B9061B74903.replay,C:\Users\Joseph\Documents\My Games\Rocket League\TAGame\Demos\3FAC7CBF47A7BF53FD122B9061B74903.json
C1DD72E541CF9E8268A998A1F6FC6490.replay,6F1D7D8A11E8D5A1BC113885AF19E2AD,C:\Users\Joseph\Documents\My Games\Rocket League\TAGame\Demos\C1DD72E541CF9E8268A998A1F6FC6490.replay,C:\Users\Joseph\Documents\My Games\Rocket League\TAGame\Demos\C1DD72E541CF9E8268A998A1F6FC6490.json
7998F057477E8167AA02E2ADB2997507.replay,6A5CBDE611E8D5A29F723CB8DDB876BB,C:\Users\Joseph\Documents\My Games\Rocket League\TAGame\Demos\7998F057477E8167AA02E2ADB2997507.replay,C:\Users\Joseph\Documents\My Games\Rocket League\TAGame\Demos\7998F057477E8167AA02E2ADB2997507.json
7A73C4DC4723F1030370FEA25DF2452C.replay,0CBFEB2411E8D5A56AFF14B5B470F79B,C:\Users\Joseph\Documents\My Games\Rocket League\TAGame\Demos\7A73C4DC4723F1030370FEA25DF2452C.replay,C:\Users\Joseph\Documents\My Games\Rocket League\TAGame\Demos\7A73C4DC4723F1030370FEA25DF2452C.json
A4AC77E440E0B3FD64CA8A8E3CA5244A.replay,8714836A11E8D5A7D67AF39978296A08,C:\Users\Joseph\Documents\My Games\Rocket League\TAGame\Demos\A4AC77E440E0B3FD64CA8A8E3CA5244A.replay,C:\Users\Joseph\Documents\My Games\Rocket League\TAGame\Demos\A4AC77E440E0B3FD64CA8A8E3CA5244A.json
7811588C417C0095CABB5D9A91A51EE2.replay,301925EA11E8D5AA88C00897A264708C,C:\Users\Joseph\Documents\My Games\Rocket League\TAGame\Demos\7811588C417C0095CABB5D9A91A51EE2.replay,C:\Users\Joseph\Documents\My Games\Rocket League\TAGame\Demos\7811588C417C0095CABB5D9A91A51EE2.json
AC1173E442A06238D52B1EB49CF76E02.replay,3CF5A7B011E8D5ABE09E80B3A4E06F15,C:\Users\Joseph\Documents\My Games\Rocket League\TAGame\Demos\AC1173E442A06238D52B1EB49CF76E02.replay,C:\Users\Joseph\Documents\My Games\Rocket League\TAGame\Demos\AC1173E442A06238D52B1EB49CF76E02.json
E666197849C77EA8851E54AE7779791B.replay,1125EF9411E8D5AD396D3C8F68244BC6,C:\Users\Joseph\Documents\My Games\Rocket League\TAGame\Demos\E666197849C77EA8851E54AE7779791B.replay,C:\Users\Joseph\Documents\My Games\Rocket League\TAGame\Demos\E666197849C77EA8851E54AE7779791B.json
DD4C524F4AC8AF09345400AA589A844D.replay,BBD832AC11E8D5AE35C358AD51CD5D38,C:\Users\Joseph\Documents\My Games\Rocket League\TAGame\Demos\DD4C524F4AC8AF09345400AA589A844D.replay,C:\Users\Joseph\Documents\My Games\Rocket League\TAGame\Demos\DD4C524F4AC8AF09345400AA589A844D.json
AAE5F29F412460F5CD6C9184C81DD550.replay,D14FE22811E8D5AFAAB6C384AABD8C0B,C:\Users\Joseph\Documents\My Games\Rocket League\TAGame\Demos\AAE5F29F412460F5CD6C9184C81DD550.replay,C:\Users\Joseph\Documents\My Games\Rocket League\TAGame\Demos\AAE5F29F412460F5CD6C9184C81DD550.json
1D16CC664D6EFD37A98AA1B9F23FCA74.replay,051119B811E8D5B2247810B50579D0AB,C:\Users\Joseph\Documents\My Games\Rocket League\TAGame\Demos\1D16CC664D6EFD37A98AA1B9F23FCA74.replay,C:\Users\Joseph\Documents\My Games\Rocket League\TAGame\Demos\1D16CC664D6EFD37A98AA1B9F23FCA74.json
D3EBA0A2447F154AB585899092179BD8.replay,7933617E11E8D5B34DCBEDB5B79AC2EF,C:\Users\Joseph\Documents\My Games\Rocket League\TAGame\Demos\D3EBA0A2447F154AB585899092179BD8.replay,C:\Users\Joseph\Documents\My Games\Rocket League\TAGame\Demos\D3EBA0A2447F154AB585899092179BD8.json
EDA8E13A431F457BFDB9A3B8900F04F9.replay,8F7ED27811E8D5B4AEF4D89758E7A53D,C:\Users\Joseph\Documents\My Games\Rocket League\TAGame\Demos\EDA8E13A431F457BFDB9A3B8900F04F9.replay,C:\Users\Joseph\Documents\My Games\Rocket League\TAGame\Demos\EDA8E13A431F457BFDB9A3B8900F04F9.json
3C8DC8654B76E2828DF81CAB66D43E37.replay,42679C8A11E8D5B5F62530817E09AD02,C:\Users\Joseph\Documents\My Games\Rocket League\TAGame\Demos\3C8DC8654B76E2828DF81CAB66D43E37.replay,C:\Users\Joseph\Documents\My Games\Rocket League\TAGame\Demos\3C8DC8654B76E2828DF81CAB66D43E37.json
0D2B42EA4FA7C8921FCD9A99D457FBFE.replay,CC5B5D2211E8D5B6917122B18FAE14A7,C:\Users\Joseph\Documents\My Games\Rocket League\TAGame\Demos\0D2B42EA4FA7C8921FCD9A99D457FBFE.replay,C:\Users\Joseph\Documents\My Games\Rocket League\TAGame\Demos\0D2B42EA4FA7C8921FCD9A99D457FBFE.json
D8A1787E43C764B9806A9281B5D682BC.replay,C97DAF0A11E8D5B71AFC11B4D6D201EF,C:\Users\Joseph\Documents\My Games\Rocket League\TAGame\Demos\D8A1787E43C764B9806A9281B5D682BC.replay,C:\Users\Joseph\Documents\My Games\Rocket League\TAGame\Demos\D8A1787E43C764B9806A9281B5D682BC.json
12465CA7419AB2772191D8BB57533EBC.replay,E440607A11E8D7398E7BCEBD85745828,C:\Users\Joseph\Documents\My Games\Rocket League\TAGame\Demos\12465CA7419AB2772191D8BB57533EBC.replay,C:\Users\Joseph\Documents\My Games\Rocket League\TAGame\Demos\12465CA7419AB2772191D8BB57533EBC.json
CE57B2D241A85524952D598BA8FC43D5.replay,EC9686C811E8D761122F6DB26FD9AA21,C:\Users\Joseph\Documents\My Games\Rocket League\TAGame\Demos\CE57B2D241A85524952D598BA8FC43D5.replay,C:\Users\Joseph\Documents\My Games\Rocket League\TAGame\Demos\CE57B2D241A85524952D598BA8FC43D5.json
8EC7E01D4A3B20ADE70567BEF21E0BE2.replay,E46849B811E8D7629BD8BFA0B6670E51,C:\Users\Joseph\Documents\My Games\Rocket League\TAGame\Demos\8EC7E01D4A3B20ADE70567BEF21E0BE2.replay,C:\Users\Joseph\Documents\My Games\Rocket League\TAGame\Demos\8EC7E01D4A3B20ADE70567BEF21E0BE2.json
987298294101CD2FA59A4D83763E6036.replay,E511276211E8D763331BDE98FAB670CF,C:\Users\Joseph\Documents\My Games\Rocket League\TAGame\Demos\987298294101CD2FA59A4D83763E6036.replay,C:\Users\Joseph\Documents\My Games\Rocket League\TAGame\Demos\987298294101CD2FA59A4D83763E6036.json
418B3E09421DE7FFE1F32F8298A1F363.replay,0F8601E211E8D76511E984B293B724A9,C:\Users\Joseph\Documents\My Games\Rocket League\TAGame\Demos\418B3E09421DE7FFE1F32F8298A1F363.replay,C:\Users\Joseph\Documents\My Games\Rocket League\TAGame\Demos\418B3E09421DE7FFE1F32F8298A1F363.json
0DC14766468722C2FB34DA81861115D7.replay,9CA3F3B011E8D7685589568BF4CBF7D5,C:\Users\Joseph\Documents\My Games\Rocket League\TAGame\Demos\0DC14766468722C2FB34DA81861115D7.replay,C:\Users\Joseph\Documents\My Games\Rocket League\TAGame\Demos\0DC14766468722C2FB34DA81861115D7.json
0C161B0645E58ACE3A63F4B85487B58A.replay,6B47B9EA11E8D76930F8B889613B6737,C:\Users\Joseph\Documents\My Games\Rocket League\TAGame\Demos\0C161B0645E58ACE3A63F4B85487B58A.replay,C:\Users\Joseph\Documents\My Games\Rocket League\TAGame\Demos\0C161B0645E58ACE3A63F4B85487B58A.json
41CA894C463A26600F2F9EAE2CB88C3F.replay,38EBF03C11E8D76AA86FC68A7AC938C8,C:\Users\Joseph\Documents\My Games\Rocket League\TAGame\Demos\41CA894C463A26600F2F9EAE2CB88C3F.replay,C:\Users\Joseph\Documents\My Games\Rocket League\TAGame\Demos\41CA894C463A26600F2F9EAE2CB88C3F.json
E94C114A4FBFD9D59F91A6966862247D.replay,140887D411E8D76B435156B1459FE61A,C:\Users\Joseph\Documents\My Games\Rocket League\TAGame\Demos\E94C114A4FBFD9D59F91A6966862247D.replay,C:\Users\Joseph\Documents\My Games\Rocket League\TAGame\Demos\E94C114A4FBFD9D59F91A6966862247D.json
7F7219A64B540C67BC7B8E9FFDAA7659.replay,A6E00DA611E8D76C7ABAFD98E3DA7507,C:\Users\Joseph\Documents\My Games\Rocket League\TAGame\Demos\7F7219A64B540C67BC7B8E9FFDAA7659.replay,C:\Users\Joseph\Documents\My Games\Rocket League\TAGame\Demos\7F7219A64B540C67BC7B8E9FFDAA7659.json
660CBF494DAB3DC4894A1BAEA915ECAB.replay,6A74B52811E8D76D41B4E3B74097B559,C:\Users\Joseph\Documents\My Games\Rocket League\TAGame\Demos\660CBF494DAB3DC4894A1BAEA915ECAB.replay,C:\Users\Joseph\Documents\My Games\Rocket League\TAGame\Demos\660CBF494DAB3DC4894A1BAEA915ECAB.json
91F9293B46E42EFBFE455D92CB0C8617.replay,48CA5FB211E8D76E8A29B598E8FBC013,C:\Users\Joseph\Documents\My Games\Rocket League\TAGame\Demos\91F9293B46E42EFBFE455D92CB0C8617.replay,C:\Users\Joseph\Documents\My Games\Rocket League\TAGame\Demos\91F9293B46E42EFBFE455D92CB0C8617.json
824ECE7143D0590F70A7DB8C52D8BE17.replay,FBB8BDDA11E8D76E15AB3DBD7925C4DE,C:\Users\Joseph\Documents\My Games\Rocket League\TAGame\Demos\824ECE7143D0590F70A7DB8C52D8BE17.replay,C:\Users\Joseph\Documents\My Games\Rocket League\TAGame\Demos\824ECE7143D0590F70A7DB8C52D8BE17.json
0E8AB70E4C22A9FDFBEE12A753A276EB.replay,19D1CD4211E8D77099EF9D9DA9D8C6B3,C:\Users\Joseph\Documents\My Games\Rocket League\TAGame\Demos\0E8AB70E4C22A9FDFBEE12A753A276EB.replay,C:\Users\Joseph\Documents\My Games\Rocket League\TAGame\Demos\0E8AB70E4C22A9FDFBEE12A753A276EB.json
01D9BAE24C052FDE5247E0A467FCAB63.replay,E3B7B81E11E8E702F2499991A76F5C8B,/Users/Joseph/Documents/GitHub/CalculatedGG-Uploader/Test Files/Replays/01D9BAE24C052FDE5247E0A467FCAB63.replay,/Users/Joseph/Documents/GitHub/CalculatedGG-Uploader/Test Files/Decompiled Replays//01D9BAE24C052FDE5247E0A467FCAB63.json
0EAA2D304B2C3C26C6020C884F5434CE.replay,08C1F3CA11E8E705CCE0E79BB78C084D,/Users/Joseph/Documents/GitHub/CalculatedGG-Uploader/Test Files/Replays/0EAA2D304B2C3C26C6020C884F5434CE.replay,/Users/Joseph/Documents/GitHub/CalculatedGG-Uploader/Test Files/Decompiled Replays//0EAA2D304B2C3C26C6020C884F5434CE.json
19A5A810483FEC5A2D0AE7A06F517DFC.replay,FF7A975A11E8E6EA396D82BF68244BC6,/Users/Joseph/Documents/GitHub/CalculatedGG-Uploader/Test Files/Replays/19A5A810483FEC5A2D0AE7A06F517DFC.replay,/Users/Joseph/Documents/GitHub/CalculatedGG-Uploader/Test Files/Decompiled Replays//19A5A810483FEC5A2D0AE7A06F517DFC.json
1E60A0E64FE10B5009B2AC82F402FE92.replay,CA36B3E411E8E712122F15936FD9AA21,/Users/Joseph/Documents/GitHub/CalculatedGG-Uploader/Test Files/Replays/1E60A0E64FE10B5009B2AC82F402FE92.replay,/Users/Joseph/Documents/GitHub/CalculatedGG-Uploader/Test Files/Decompiled Replays//1E60A0E64FE10B5009B2AC82F402FE92.json
27EF2A22464EC7C5B9C0D9BF5DB647D7.replay,F5CECD7611E8E716A64B18B4D39CEC1D,/Users/Joseph/Documents/GitHub/CalculatedGG-Uploader/Test Files/Replays/27EF2A22464EC7C5B9C0D9BF5DB647D7.replay,/Users/Joseph/Documents/GitHub/CalculatedGG-Uploader/Test Files/Decompiled Replays//27EF2A22464EC7C5B9C0D9BF5DB647D7.json
289A05D04132848B435C9CADBB97B053.replay,6442CB9411E8E6FF1AC67B9E6E42E181,/Users/Joseph/Documents/GitHub/CalculatedGG-Uploader/Test Files/Replays/289A05D04132848B435C9CADBB97B053.replay,/Users/Joseph/Documents/GitHub/CalculatedGG-Uploader/Test Files/Decompiled Replays//289A05D04132848B435C9CADBB97B053.json
3A8712BB427EEE108A82358C99412CEF.replay,AF5EDCE411E8E7131B9D4A83561A5846,/Users/Joseph/Documents/GitHub/CalculatedGG-Uploader/Test Files/Replays/3A8712BB427EEE108A82358C99412CEF.replay,/Users/Joseph/Documents/GitHub/CalculatedGG-Uploader/Test Files/Decompiled Replays//3A8712BB427EEE108A82358C99412CEF.json
3AD85ADB4A6EC48332486A94742D0BA1.replay,03356AE411E8E71FA3B2E399E5965C19,/Users/Joseph/Documents/GitHub/CalculatedGG-Uploader/Test Files/Replays/3AD85ADB4A6EC48332486A94742D0BA1.replay,/Users/Joseph/Documents/GitHub/CalculatedGG-Uploader/Test Files/Decompiled Replays//3AD85ADB4A6EC48332486A94742D0BA1.json
3C45FE834F7F4CAB7DD66FBD45347541.replay,7F0EBF3211E8E6FAB2DF029885912911,/Users/Joseph/Documents/GitHub/CalculatedGG-Uploader/Test Files/Replays/3C45FE834F7F4CAB7DD66FBD45347541.replay,/Users/Joseph/Documents/GitHub/CalculatedGG-Uploader/Test Files/Decompiled Replays//3C45FE834F7F4CAB7DD66FBD45347541.json
4F5EC7F74200D6A86BBFF28AD569FB76.replay,C890232C11E8E6EF5E1980BF87866E61,/Users/Joseph/Documents/GitHub/CalculatedGG-Uploader/Test Files/Replays/4F5EC7F74200D6A86BBFF28AD569FB76.replay,/Users/Joseph/Documents/GitHub/CalculatedGG-Uploader/Test Files/Decompiled Replays//4F5EC7F74200D6A86BBFF28AD569FB76.json
5B01E08F429C9923813673A1B89A038B.replay,9292153411E8E7011D1100BFA35E3316,/Users/Joseph/Documents/GitHub/CalculatedGG-Uploader/Test Files/Replays/5B01E08F429C9923813673A1B89A038B.replay,/Users/Joseph/Documents/GitHub/CalculatedGG-Uploader/Test Files/Decompiled Replays//5B01E08F429C9923813673A1B89A038B.json
5BB384004073F0648BC77FA467128733.replay,57CB479411E8E70720331A96A39C5598,/Users/Joseph/Documents/GitHub/CalculatedGG-Uploader/Test Files/Replays/5BB384004073F0648BC77FA467128733.replay,/Users/Joseph/Documents/GitHub/CalculatedGG-Uploader/Test Files/Decompiled Replays//5BB384004073F0648BC77FA467128733.json
61AF717C436B50243102588A44ABF35C.replay,7646678411E8E70D5E0AC09EC907051E,/Users/Joseph/Documents/GitHub/CalculatedGG-Uploader/Test Files/Replays/61AF717C436B50243102588A44ABF35C.replay,/Users/Joseph/Documents/GitHub/CalculatedGG-Uploader/Test Files/Decompiled Replays//61AF717C436B50243102588A44ABF35C.json
6A7AB4E64C262A682004FE8151D12A63.replay,218D267A11E8E71B06B00EA1CFA29187,/Users/Joseph/Documents/GitHub/CalculatedGG-Uploader/Test Files/Replays/6A7AB4E64C262A682004FE8151D12A63.replay,/Users/Joseph/Documents/GitHub/CalculatedGG-Uploader/Test Files/Decompiled Replays//6A7AB4E64C262A682004FE8151D12A63.json
7281DBFF421DD5F9C0BF548F9D487A64.replay,D414468C11E8E6EBD42E00ACA9813356,/Users/Joseph/Documents/GitHub/CalculatedGG-Uploader/Test Files/Replays/7281DBFF421DD5F9C0BF548F9D487A64.replay,/Users/Joseph/Documents/GitHub/CalculatedGG-Uploader/Test Files/Decompiled Replays//7281DBFF421DD5F9C0BF548F9D487A64.json
894BC52045C436AD7196ACBA59A14C88.replay,E6392DA411E8E7198424B19372A1FFC1,/Users/Joseph/Documents/GitHub/CalculatedGG-Uploader/Test Files/Replays/894BC52045C436AD7196ACBA59A14C88.replay,/Users/Joseph/Documents/GitHub/CalculatedGG-Uploader/Test Files/Decompiled Replays//894BC52045C436AD7196ACBA59A14C88.json
91DE3ADE4A6AACAA61B3469D72A15C7F.replay,7CEE48E811E8E70A396DECA668244BC6,/Users/Joseph/Documents/GitHub/CalculatedGG-Uploader/Test Files/Replays/91DE3ADE4A6AACAA61B3469D72A15C7F.replay,/Users/Joseph/Documents/GitHub/CalculatedGG-Uploader/Test Files/Decompiled Replays//91DE3ADE4A6AACAA61B3469D72A15C7F.json
95B19FA3464EBCE1D744FD8EED783909.replay,E11B75E611E8E6FD17F2CEB9B32AFB08,/Users/Joseph/Documents/GitHub/CalculatedGG-Uploader/Test Files/Replays/95B19FA3464EBCE1D744FD8EED783909.replay,/Users/Joseph/Documents/GitHub/CalculatedGG-Uploader/Test Files/Decompiled Replays//95B19FA3464EBCE1D744FD8EED783909.json
95F71BC042B9C9F7599FDFAA5CE304C1.replay,76259CAC11E8E6FE2B007690C160D466,/Users/Joseph/Documents/GitHub/CalculatedGG-Uploader/Test Files/Replays/95F71BC042B9C9F7599FDFAA5CE304C1.replay,/Users/Joseph/Documents/GitHub/CalculatedGG-Uploader/Test Files/Decompiled Replays//95F71BC042B9C9F7599FDFAA5CE304C1.json
992AAF8345C5FA953B4A47B3E16C158A.replay,BCA83ABE11E8E6EE0C9C338893EEA1E6,/Users/Joseph/Documents/GitHub/CalculatedGG-Uploader/Test Files/Replays/992AAF8345C5FA953B4A47B3E16C158A.replay,/Users/Joseph/Documents/GitHub/CalculatedGG-Uploader/Test Files/Decompiled Replays//992AAF8345C5FA953B4A47B3E16C158A.json
9D0FF9254FE57D89624D1D9662B7CEAC.replay,9273F3F611E8E70B6614289D0729A5D6,/Users/Joseph/Documents/GitHub/CalculatedGG-Uploader/Test Files/Replays/9D0FF9254FE57D89624D1D9662B7CEAC.replay,/Users/Joseph/Documents/GitHub/CalculatedGG-Uploader/Test Files/Decompiled Replays//9D0FF9254FE57D89624D1D9662B7CEAC.json
A304FCC240B5852D1DA979BF393AB7F8.replay,DE1B58EA11E8E6EC41B4FDAF4097B559,/Users/Joseph/Documents/GitHub/CalculatedGG-Uploader/Test Files/Replays/A304FCC240B5852D1DA979BF393AB7F8.replay,/Users/Joseph/Documents/GitHub/CalculatedGG-Uploader/Test Files/Decompiled Replays//A304FCC240B5852D1DA979BF393AB7F8.json
A4ACCA00471F1EFFD13426832C91F694.replay,A133B21011E8E71411E9F6BA93B724A9,/Users/Joseph/Documents/GitHub/CalculatedGG-Uploader/Test Files/Replays/A4ACCA00471F1EFFD13426832C91F694.replay,/Users/Joseph/Documents/GitHub/CalculatedGG-Uploader/Test Files/Decompiled Replays//A4ACCA00471F1EFFD13426832C91F694.json
A634779E468172D9944D3BAB4AECB6C3.replay,08EBB68611E8E711F093F9B18B8FE5C7,/Users/Joseph/Documents/GitHub/CalculatedGG-Uploader/Test Files/Replays/A634779E468172D9944D3BAB4AECB6C3.replay,/Users/Joseph/Documents/GitHub/CalculatedGG-Uploader/Test Files/Decompiled Replays//A634779E468172D9944D3BAB4AECB6C3.json
A761C70A47A21A021DB83FB071A4E622.replay,356C588A11E8E709A2838AB4692A63D5,/Users/Joseph/Documents/GitHub/CalculatedGG-Uploader/Test Files/Replays/A761C70A47A21A021DB83FB071A4E622.replay,/Users/Joseph/Documents/GitHub/CalculatedGG-Uploader/Test Files/Decompiled Replays//A761C70A47A21A021DB83FB071A4E622.json
A7FF57F342596F336FFE138DF693B79C.replay,3B7D39A211E8E70867A90FA013E6498A,/Users/Joseph/Documents/GitHub/CalculatedGG-Uploader/Test Files/Replays/A7FF57F342596F336FFE138DF693B79C.replay,/Users/Joseph/Documents/GitHub/CalculatedGG-Uploader/Test Files/Decompiled Replays//A7FF57F342596F336FFE138DF693B79C.json
BC5078FC4C299580C3863E8B8ABA365B.replay,D820777811E8E70E558937B3F4CBF7D5,/Users/Joseph/Documents/GitHub/CalculatedGG-Uploader/Test Files/Replays/BC5078FC4C299580C3863E8B8ABA365B.replay,/Users/Joseph/Documents/GitHub/CalculatedGG-Uploader/Test Files/Decompiled Replays//BC5078FC4C299580C3863E8B8ABA365B.json
BFC7B61A415C048BEB9BF89EA053FD62.replay,D1525E2811E8E7151534EC8835128B75,/Users/Joseph/Documents/GitHub/CalculatedGG-Uploader/Test Files/Replays/BFC7B61A415C048BEB9BF89EA053FD62.replay,/Users/Joseph/Documents/GitHub/CalculatedGG-Uploader/Test Files/Decompiled Replays//BFC7B61A415C048BEB9BF89EA053FD62.json
C00DD0C248F08D497917AAAF3EBAC968.replay,4685583811E8E71D36C0AB8C66B5B600,/Users/Joseph/Documents/GitHub/CalculatedGG-Uploader/Test Files/Replays/C00DD0C248F08D497917AAAF3EBAC968.replay,/Users/Joseph/Documents/GitHub/CalculatedGG-Uploader/Test Files/Decompiled Replays//C00DD0C248F08D497917AAAF3EBAC968.json
C3E6002944EDF637D55A41AB7E70AD88.replay,AAC445EA11E8E720D67A658E78296A08,/Users/Joseph/Documents/GitHub/CalculatedGG-Uploader/Test Files/Replays/C3E6002944EDF637D55A41AB7E70AD88.replay,/Users/Joseph/Documents/GitHub/CalculatedGG-Uploader/Test Files/Decompiled Replays//C3E6002944EDF637D55A41AB7E70AD88.json
C7C37D52440A4258A1FDB08FAF7ED933.replay,ECC006AE11E8E7038E7BF1BF85745828,/Users/Joseph/Documents/GitHub/CalculatedGG-Uploader/Test Files/Replays/C7C37D52440A4258A1FDB08FAF7ED933.replay,/Users/Joseph/Documents/GitHub/CalculatedGG-Uploader/Test Files/Decompiled Replays//C7C37D52440A4258A1FDB08FAF7ED933.json
CEFEB2134607B1D25BD5AFA65643D1D2.replay,BD1F371811E8E711906575862ADC5625,/Users/Joseph/Documents/GitHub/CalculatedGG-Uploader/Test Files/Replays/CEFEB2134607B1D25BD5AFA65643D1D2.replay,/Users/Joseph/Documents/GitHub/CalculatedGG-Uploader/Test Files/Decompiled Replays//CEFEB2134607B1D25BD5AFA65643D1D2.json
CF0FC6304838073DFA96BBB37206612F.replay,E2846F3E11E8E7054B9A86A83EC41588,/Users/Joseph/Documents/GitHub/CalculatedGG-Uploader/Test Files/Replays/CF0FC6304838073DFA96BBB37206612F.replay,/Users/Joseph/Documents/GitHub/CalculatedGG-Uploader/Test Files/Decompiled Replays//CF0FC6304838073DFA96BBB37206612F.json
CF8FC6294E3E05C1A2D4EAB770B5FD1E.replay,BF06919411E8E71FAC13689BCBF30AF2,/Users/Joseph/Documents/GitHub/CalculatedGG-Uploader/Test Files/Replays/CF8FC6294E3E05C1A2D4EAB770B5FD1E.replay,/Users/Joseph/Documents/GitHub/CalculatedGG-Uploader/Test Files/Decompiled Replays//CF8FC6294E3E05C1A2D4EAB770B5FD1E.json
DC3998CC4942D240D5D77DA35A92815B.replay,452190F411E8E6FCF0555ABAD16595B0,/Users/Joseph/Documents/GitHub/CalculatedGG-Uploader/Test Files/Replays/DC3998CC4942D240D5D77DA35A92815B.replay,/Users/Joseph/Documents/GitHub/CalculatedGG-Uploader/Test Files/Decompiled Replays//DC3998CC4942D240D5D77DA35A92815B.json
EC364F3146E8217D6F5026B3571D7F9B.replay,8CA6B16211E8E700F36D0E9795A970F4,/Users/Joseph/Documents/GitHub/CalculatedGG-Uploader/Test Files/Replays/EC364F3146E8217D6F5026B3571D7F9B.replay,/Users/Joseph/Documents/GitHub/CalculatedGG-Uploader/Test Files/Decompiled Replays//EC364F3146E8217D6F5026B3571D7F9B.json
F0805F5B4A2AC448FFCC938EEBCC3860.replay,46BCD36211E8E718EDE9119F429A32CD,/Users/Joseph/Documents/GitHub/CalculatedGG-Uploader/Test Files/Replays/F0805F5B4A2AC448FFCC938EEBCC3860.replay,/Users/Joseph/Documents/GitHub/CalculatedGG-Uploader/Test Files/Decompiled Replays//F0805F5B4A2AC448FFCC938EEBCC3860.json
F0DAB972405436F322DB5E979C884262.replay,F7B8567C11E8E70F688E578EEA6BEC4F,/Users/Joseph/Documents/GitHub/CalculatedGG-Uploader/Test Files/Replays/F0DAB972405436F322DB5E979C884262.replay,/Users/Joseph/Documents/GitHub/CalculatedGG-Uploader/Test Files/Decompiled Replays//F0DAB972405436F322DB5E979C884262.json
F1169E014BB87823CE632AA39436D424.replay,BDB8067C11E8E721FB9A3B914F41F148,/Users/Joseph/Documents/GitHub/CalculatedGG-Uploader/Test Files/Replays/F1169E014BB87823CE632AA39436D424.replay,/Users/Joseph/Documents/GitHub/CalculatedGG-Uploader/Test Files/Decompiled Replays//F1169E014BB87823CE632AA39436D424.json
F6B9371A44C0853EC5A725BD063360C6.replay,9035BFDC11E8E71C99EF6AA0A9D8C6B3,/Users/Joseph/Documents/GitHub/CalculatedGG-Uploader/Test Files/Replays/F6B9371A44C0853EC5A725BD063360C6.replay,/Users/Joseph/Documents/GitHub/CalculatedGG-Uploader/Test Files/Decompiled Replays//F6B9371A44C0853EC5A725BD063360C6.json
F712FA8B46F133074C04BBB4A70C89E5.replay,1722EEA611E8E71E035AA280B9C3C4DE,/Users/Joseph/Documents/GitHub/CalculatedGG-Uploader/Test Files/Replays/F712FA8B46F133074C04BBB4A70C89E5.replay,/Users/Joseph/Documents/GitHub/CalculatedGG-Uploader/Test Files/Decompiled Replays//F712FA8B46F133074C04BBB4A70C89E5.json
Replay Name,Replay GUID,Replay Path,JSON Path
